Value1,Value2,Value3,Value4,Value5,Value6,attackerType
0,0,-2.04,0.75,2.17,-2.79,1
2659.82,1666.57,-3.85,1.42,4.11,-2.79,4
0,0,-5.4,2.65,6.02,-2.69,1
2414.88,1578.45,-1.94,0.71,2.06,-2.79,0
0,0,-5.42,5.49,7.71,-2.35,1
0,0,-6.74,6.82,9.59,-2.35,1
2411.87,1579.55,-3.79,1.39,4.03,-2.79,0
0,0,-8,8.11,11.39,-2.35,1
2407.3,1581.42,-5.32,2.38,5.83,-2.72,0
1227,12744,-1.88,0.69,2,-2.79,2
2556.89,2055.18,-9.49,9.62,13.51,-2.35,4
2402.46,1586.31,-5.47,5.54,7.79,-2.35,0
304,18021,-9.83,9.96,13.99,-2.35,2
2396.31,1592.55,-6.72,6.81,9.57,-2.35,0
2670.07,1693.48,-3.69,1.35,3.93,-2.79,4
0,0,-9.76,9.88,13.89,-2.35,1
2388.87,1600.08,-8.04,8.15,11.45,-2.35,0
0,0,-5.46,2.31,5.93,-2.74,1
1484,17895,-1.91,0.7,2.04,-2.79,2
2370.51,1658.93,-9.82,9.95,13.98,-2.35,3
2380.1,1608.97,-9.41,9.53,13.39,-2.35,0
2560.46,1653.31,-5.51,5.58,7.84,-2.35,4
444,14635,-8.62,11.03,13.99,-2.23,2
2370.35,1618.84,-9.8,9.93,13.95,-2.35,0
2416.2,1612.65,-6.88,6.97,9.79,-2.35,3
2431.94,1599.53,-3.76,1.38,4.01,-2.79,3
1558,12747,-2.28,13.74,13.92,-1.74,2
2360.59,1628.73,-9.75,9.87,13.88,-2.35,0
943,18982,-8.24,8.35,11.73,-2.35,2
1504,13092,-5.54,2.72,6.17,-2.69,2
2414.9,1578.44,-1.88,0.69,2,-2.79,0
0,0,10.33,9.33,13.92,-0.73,1
2350.78,1638.66,-9.76,9.88,13.89,-2.35,0
2399.53,1629.54,-9.58,9.7,13.63,-2.35,3
2422.04,1606.75,-5.73,5.8,8.15,-2.35,3
0,0,10.33,9.32,13.91,-0.73,1
2341.24,1648.8,-8.61,11.02,13.99,-2.23,0
286,12900,-9.79,9.92,13.94,-2.35,2
2415.54,1613.33,-7.15,7.24,10.18,-2.35,3
2411.92,1579.54,-3.87,1.42,4.12,-2.79,0
2378.7,1711.81,10.37,9.35,13.96,-0.73,3
2334.63,1660.63,-2.28,13.7,13.89,-1.74,0
2379.96,1649.36,-9.75,9.88,13.88,-2.35,3
0,0,-8.62,8.73,12.26,-2.35,1
2407.16,1581.56,-5.47,2.69,6.1,-2.68,0
0,0,-1.91,0.7,2.03,-2.79,1
0,0,13.84,2.07,14,-0.15,1
2337.35,1673.3,10.07,9.56,13.89,-0.76,0
0,0,-9.76,9.89,13.9,-2.35,1
2398.3,1630.79,-9.77,9.9,13.91,-2.35,3
2402.11,1586.67,-5.61,5.69,7.99,-2.35,0
2405.47,1717.38,13.85,1.65,13.95,-0.12,3
2348.05,1682.21,10.34,9.33,13.93,-0.73,0
1157,19202,-8.57,10.97,13.93,-2.23,2
316,10752,-9.82,9.94,13.97,-2.35,2
2395.77,1593.09,-6.98,7.07,9.94,-2.35,0
1993,17827,-3.86,1.42,4.11,-2.79,2
1413,16240,13.89,1.31,13.96,-0.09,2
2358.4,1691.55,10.32,9.3,13.89,-0.73,0
2079,15390,-2.29,13.8,13.99,-1.74,2
1093,12943,-9.81,9.94,13.96,-2.35,2
2388.03,1600.93,-8.35,8.46,11.89,-2.35,0
2427.19,1601.53,-5.49,2.65,6.1,-2.69,3
2414.86,1578.46,-1.99,0.73,2.12,-2.79,0
2150,10314,11.45,1.08,11.5,-0.09,2
2371.28,1695.51,13.81,2.06,13.97,-0.15,0
2358.02,1693.84,10.59,9.1,13.97,-0.71,3
2294,16242,-9.77,9.89,13.9,-2.35,2
2379.47,1609.6,-8.58,8.69,12.22,-2.35,0
0,0,-5.71,5.78,8.12,-2.35,1
2389,19866,6.97,0.66,7,-0.09,2
2385.09,1697.33,13.85,1.65,13.95,-0.12,0
2368.7,1702.8,10.34,9.32,13.92,-0.73,3
1826,10402,-8.59,11,13.96,-2.23,2
2370.89,1618.29,-8.57,8.68,12.2,-2.35,0
2415.68,1613.19,-7.04,7.13,10.02,-2.35,3
2411.81,1579.58,-3.82,1.4,4.07,-2.79,0
2448.42,1721.48,7.8,1.24,7.9,-0.16,3
2398.5,1698.63,13.04,1.23,13.1,-0.09,0
2379.06,1712.14,10.34,9.33,13.92,-0.73,3
2560.2,2112.23,-2.27,13.69,13.88,-1.74,4
2362.31,1626.98,-8.59,8.7,12.22,-2.35,0
738,18423,-8.39,8.5,11.94,-2.35,2
2407.2,1581.52,-5.31,2.54,5.88,-2.7,0
2414.86,1578.46,-1.98,0.73,2.11,-2.79,0
2451.47,1729.49,1.52,9.99,10.1,-1.42,3
2411.25,1699.84,11.89,1.12,11.94,-0.09,0
0,0,13.8,2.06,13.95,-0.15,1
2357.42,1960.98,10.85,8.76,13.95,-0.68,4
2353.74,1635.66,-8.58,8.69,12.21,-2.35,0
2398.74,1630.34,-9.81,9.94,13.97,-2.35,3
2402.43,1586.35,-5.3,5.36,7.54,-2.35,0
316,16063,1.8,11.85,11.99,-1.42,2
2420.69,1700.73,7.45,0.7,7.48,-0.09,0
1884,17577,13.78,1.64,13.88,-0.12,2
2370.02,1703.99,10.36,9.34,13.94,-0.73,3
2345.16,1644.35,-8.56,8.67,12.18,-2.35,0
2636.96,1833.25,-9.83,9.96,13.99,-2.35,4
2396.47,1592.38,-6.58,6.66,9.36,-2.35,0
2411.86,1579.56,-3.81,1.4,4.06,-2.79,0
422,10885,2.1,13.82,13.98,-1.42,2
2427.64,1701.29,7.82,0.79,7.86,-0.1,0
2743.06,2172.69,12.74,1.2,12.79,-0.09,4
2129,13054,10.34,9.32,13.92,-0.73,2
2337.38,1653.75,-7.49,9.58,12.16,-2.23,0
2379.16,1650.17,-9.83,9.96,13.99,-2.35,3
2389.22,1599.72,-7.82,7.92,11.13,-2.35,0
2407.1,1581.62,-5.54,2.83,6.22,-2.67,0
2547.88,1930.45,-1.88,0.69,2,-2.79,4
2666.22,2082.32,2.1,13.81,13.97,-1.42,4
2431.3,1708.4,1.44,9.47,9.57,-1.42,0
2431.47,1719.86,11.79,1.11,11.84,-0.09,3
2393.9,1715.9,13.77,2.06,13.93,-0.15,3
2333.95,1665.12,-1.68,12.02,12.14,-1.71,0
0,0,-9.76,9.88,13.89,-2.35,1
2380.65,1608.41,-9.17,9.29,13.06,-2.35,0
2401.93,1586.85,-5.75,5.83,8.19,-2.35,0
2875.64,2184.16,0.96,13.96,13.99,-1.5,4
2432.91,1718.94,1.74,11.48,11.61,-1.42,0
0,0,7.37,0.7,7.4,-0.09,1
2407.72,1717.61,13.79,1.48,13.87,-0.11,3
2339.53,1675.07,9.45,7.63,12.14,-0.68,0
2464,17728,-8.62,11.03,14,-2.23,2
2371.47,1617.71,-9.17,9.29,13.06,-2.35,0
2395.43,1593.44,-7.18,7.27,10.21,-2.35,0
516,15825,-3.82,1.4,4.06,-2.79,2
428,13751,1.01,13.92,13.96,-1.5,2
2434.82,1731.53,2.04,13.43,13.58,-1.42,0
452,17301,8.4,1.09,8.47,-0.13,2
0,0,12.63,1.19,12.69,-0.09,1
2348.85,1682.93,9.06,8.17,12.2,-0.73,0
2354.3,1682.63,-2.28,13.75,13.94,-1.74,3
2362.29,1627.01,-9.2,9.31,13.09,-2.35,0
2388.02,1600.94,-7.39,7.49,10.52,-2.35,0
0,0,-5.39,2.53,5.96,-2.7,1
2414.87,1578.45,-1.97,0.72,2.09,-2.79,0
2440,18181,1.01,13.87,13.91,-1.5,2
2436.91,1745.3,2.1,13.81,13.97,-1.42,0
696,14863,1.56,10.25,10.37,-1.42,2
2489.94,2167,11.2,1.06,11.25,-0.09,4
2357.91,1691.1,9.05,8.16,12.18,-0.73,0
369,19901,10.86,8.77,13.96,-0.68,2
2353.1,1636.31,-9.2,9.32,13.1,-2.35,0
2380.61,1608.45,-7.45,7.55,10.6,-2.35,0
0,0,-5.42,5.49,7.72,-2.35,1
351,15687,1.01,13.85,13.89,-1.5,2
2438.5,1759.12,0.96,13.88,13.92,-1.5,0
2641.22,1946.99,1.83,12.05,12.19,-1.42,4
2059,15762,6.77,0.64,6.8,-0.09,2
2368.9,1695.15,12.1,1.81,12.24,-0.15,0
2369.54,1703.56,10.27,9.26,13.83,-0.73,3
2343.92,1645.61,-9.14,9.26,13.01,-2.35,0
2373.2,1615.95,-7.38,7.48,10.51,-2.35,0
2859.18,1693.68,-6.82,6.91,9.71,-2.35,4
2411.98,1579.51,-3.64,1.34,3.88,-2.79,0
2046,13591,1.01,13.87,13.91,-1.5,2
2439.36,1773.03,0.95,13.9,13.93,-1.5,0
2897.2,1853.05,2.1,13.8,13.96,-1.42,4
1497,18123,8.26,2.33,8.58,-0.27,2
2380.98,1696.84,12.15,1.45,12.24,-0.12,0
2753.63,2099.65,9.98,9,13.44,-0.73,4
2335.76,1655.82,-8.06,10.31,13.09,-2.23,0
2365.79,1623.45,-7.37,7.47,10.49,-2.35,0
2408.59,1620.37,-8.21,8.32,11.69,-2.35,3
2407.28,1581.44,-5.46,2.48,6,-2.72,0
0,0,1.01,13.95,13.98,-1.5,1
2440.37,1786.93,1.01,13.95,13.99,-1.5,0
0,0,2.1,13.8,13.95,-1.42,1
2451.66,1730.77,1.58,10.39,10.51,-1.42,3
2393.1,1698.12,12.18,1.15,12.23,-0.09,0
0,0,13.02,1.95,13.16,-0.15,1
2334.08,1668.62,1.05,13.04,13.08,-1.49,0
2358.38,1630.96,-7.44,7.53,10.58,-2.35,0
2399.59,1629.48,-9.59,9.71,13.65,-2.35,3
2402.31,1586.47,-5.55,5.62,7.9,-2.35,0
423,14629,1.01,13.93,13.97,-1.5,2
2441.38,1800.84,1.01,13.92,13.96,-1.5,0
2607.67,1953.68,0.92,13.95,13.99,-1.5,4
2777.43,1888.4,1.9,12.49,12.63,-1.42,4
2405.23,1699.27,12.13,1.15,12.18,-0.09,0
522,11369,12.87,1.53,12.96,-0.12,2
2342.96,1677.83,10.2,8.24,13.12,-0.68,0
2350.98,1638.46,-7.37,7.47,10.5,-2.35,0
2806.85,2096.34,-9.63,9.76,13.71,-2.35,4
2396.05,1592.81,-6.93,7.02,9.87,-2.35,0
1146,12084,1.01,13.84,13.87,-1.5,2
2442.39,1814.74,1.01,13.9,13.94,-1.5,0
2561.55,2056.6,1.01,13.86,13.89,-1.5,4
0,0,2.1,13.81,13.97,-1.42,1
2416.54,1700.34,9.64,0.91,9.69,-0.09,0
0,0,11.22,1.06,11.27,-0.09,1
2352.78,1686.47,9.75,8.79,13.13,-0.73,0
2343.56,1645.97,-7.45,7.55,10.61,-2.35,0
2802.52,1870.8,-9.13,9.25,13,-2.35,4
2388.36,1600.59,-8.27,8.38,11.78,-2.35,0
0,0,1.01,13.95,13.99,-1.5,1
2443.4,1828.63,1.01,13.87,13.91,-1.5,0
2460.56,1809.5,1.01,13.9,13.94,-1.5,3
2876.55,1886.53,2.1,13.83,13.98,-1.42,4
2423.97,1700.98,6.63,0.45,6.64,-0.07,0
2427.09,1719.45,8.47,0.8,8.5,-0.09,3
2362.91,1694.26,12.48,3.91,13.08,-0.3,0
2336.99,1654.25,-6.52,8.35,10.6,-2.23,0
2371.64,1657.79,-8.74,8.85,12.44,-2.35,3
2379.39,1609.68,-9.59,9.71,13.65,-2.35,0
1896,11992,1.01,13.85,13.89,-1.5,2
2444.41,1842.52,1.01,13.89,13.93,-1.5,0
1957,19128,1.01,13.89,13.92,-1.5,2
1760,12660,0.79,13.93,13.96,-1.51,2
2430.57,1703.86,5,7.3,8.85,-0.97,0
1678,14661,9.3,0.88,9.34,-0.09,2
2375.84,1696.19,12.95,1.94,13.09,-0.15,0
2334.05,1664.1,-1.72,10.36,10.5,-1.74,0
2526.12,1866.42,-8.4,8.51,11.96,-2.35,4
2369.61,1619.59,-9.79,9.92,13.93,-2.35,0
2468.6,1920.16,1.01,13.84,13.88,-1.5,3
2445.43,1856.45,1.01,13.86,13.9,-1.5,0
0,0,1.01,13.9,13.94,-1.5,1
1735,14386,1.01,13.92,13.96,-1.5,2
2432.1,1713.64,1.63,10.74,10.86,-1.42,0
0,0,6.89,0.5,6.91,-0.07,1
2388.81,1697.72,12.97,1.25,13.03,-0.1,0
2337.45,1673.39,7.75,7.25,10.61,-0.75,0
2355.88,1675.67,-7.15,9.15,11.61,-2.23,3
2359.82,1629.5,-9.76,9.89,13.89,-2.35,0
2805.61,2097.07,1.01,13.93,13.97,-1.5,4
2446.44,1870.36,1.01,13.95,13.99,-1.5,0
1654,16704,1.01,13.86,13.9,-1.5,2
2596.68,1921.21,1.01,13.88,13.92,-1.5,4
2433.9,1725.49,1.94,12.76,12.91,-1.42,0
272,11323,5.16,7.53,9.13,-0.97,2
2401.79,1698.94,12.96,1.23,13.02,-0.09,0
2345.64,1680.04,8.12,6.73,10.54,-0.69,0
1159,11879,-0.84,11.31,11.34,-1.64,2
2350.03,1639.42,-9.82,9.95,13.98,-2.35,0
2652.62,1932.96,1.01,13.83,13.87,-1.5,4
2447.45,1884.25,1.01,13.91,13.94,-1.5,0
2638.6,2237.06,1.01,13.87,13.91,-1.5,4
1927,11282,1.01,13.94,13.98,-1.5,2
2435.95,1739.01,2.1,13.83,13.99,-1.42,0
0,0,1.65,10.85,10.97,-1.42,1
2414.11,1700.11,10.77,1.02,10.82,-0.09,0
2353.47,1687.1,7.8,7.04,10.51,-0.73,0
0,0,8.62,6.96,11.08,-0.68,1
2340.59,1649.64,-8.6,11.01,13.97,-2.23,0
1701,17446,-1.11,13.85,13.89,-1.65,2
2448.46,1898.15,1.01,13.87,13.9,-1.5,0
2383,17584,1.01,13.94,13.97,-1.5,2
1501,11728,1.01,13.95,13.98,-1.5,2
2437.96,1752.78,1.61,13.85,13.94,-1.45,0
0,0,1.95,12.84,12.98,-1.42,1
2422.42,1700.89,6.29,0.57,6.32,-0.09,0
2361.37,1694.03,8.25,6.59,10.56,-0.67,0
785,14684,8.12,7.32,10.93,-0.73,2
2334.45,1661.69,-2.28,13.74,13.93,-1.74,0
2468.48,1975.7,-1.11,13.83,13.87,-1.65,3
2449.47,1912.04,1.01,13.93,13.97,-1.5,0
2466.62,1892.84,1.01,13.89,13.93,-1.5,3
0,0,1.01,13.88,13.92,-1.5,1
2438.95,1766.67,0.77,13.9,13.92,-1.52,0
0,0,2.1,13.83,13.99,-1.42,1
2429.75,1702.34,7.75,3.73,8.6,-0.45,0
2371.81,1695.59,10.48,1.57,10.6,-0.15,0
2734.64,2118.96,8.09,7.29,10.89,-0.73,4
2337.95,1673.79,10.01,8.7,13.26,-0.72,0
0,0,-1.12,13.96,14,-1.65,1
2450.48,1925.94,1.01,13.85,13.88,-1.5,0
2467.63,1906.75,1.01,13.88,13.92,-1.5,3
0,0,1.01,13.84,13.88,-1.5,1
2439.91,1780.57,1.01,13.91,13.95,-1.5,0
0,0,1.52,13.85,13.94,-1.46,1
2431.82,1711.79,1.61,10.6,10.72,-1.42,0
2382.25,1696.99,10.49,1.25,10.56,-0.12,0
2385.87,1714.7,10.71,1.6,10.83,-0.15,3
2347.89,1682.07,9.35,8.43,12.59,-0.73,0
0,0,-1.12,13.92,13.96,-1.65,1
2449.75,1939.85,-1.11,13.84,13.88,-1.65,0
2299,14931,1.01,13.87,13.9,-1.5,2
0,0,1.01,13.86,13.9,-1.5,1
2440.92,1794.46,1.01,13.87,13.91,-1.5,0
0,0,0.78,13.96,13.98,-1.51,1
2433.58,1723.41,1.9,12.52,12.67,-1.42,0
2392.77,1698.09,10.54,1,10.59,-0.09,0
2396.51,1716.29,10.6,1.58,10.72,-0.15,3
2357.11,1690.39,9.05,8.16,12.19,-0.73,0
1816,19243,-1.11,13.86,13.91,-1.65,2
2448.63,1953.74,-1.11,13.88,13.93,-1.65,0
2479.65,2200.54,1.01,13.87,13.91,-1.5,4
1693,19533,1.02,13.96,14,-1.5,2
2441.93,1808.34,1.01,13.89,13.93,-1.5,0
0,0,1.01,13.95,13.99,-1.5,1
2435.63,1736.88,2.1,13.83,13.99,-1.42,0
2403.26,1699.08,10.45,0.99,10.5,-0.09,0
2729.12,1850.56,10.58,1.2,10.64,-0.11,4
2367.62,1694.96,11.6,1.73,11.72,-0.15,0
2464.02,2031.27,-1.11,13.88,13.92,-1.65,3
2447.52,1967.62,-1.11,13.88,13.92,-1.65,0
2470.66,1948.45,1.01,13.94,13.97,-1.5,3
2467.76,1908.52,1.01,13.94,13.98,-1.5,3
2442.94,1822.23,1.01,13.91,13.95,-1.5,0
1122,15150,1.01,13.85,13.88,-1.5,2
2437.72,1750.65,2.09,13.73,13.89,-1.42,0
2413.78,1700.08,10.49,0.99,10.54,-0.09,0
2417.76,1718.56,10.64,1.01,10.68,-0.09,3
2379.13,1696.62,11.47,1.43,11.56,-0.12,0
0,0,-1.11,13.88,13.93,-1.65,1
2446.41,1981.52,-1.11,13.91,13.95,-1.65,0
2826.55,2376.34,-1.11,13.85,13.9,-1.65,4
904,15608,1.01,13.91,13.94,-1.5,2
2443.95,1836.12,1.01,13.88,13.92,-1.5,0
505,17678,1.01,13.89,13.93,-1.5,2
2438.83,1764.52,0.77,13.94,13.96,-1.52,0
2422.22,1700.87,6.43,0.6,6.46,-0.09,0
2427.2,1719.46,8.12,0.77,8.16,-0.09,3
2389.84,1697.81,9.69,0.92,9.73,-0.09,0
0,0,-1.11,13.89,13.94,-1.65,1
2445.29,1995.41,-1.12,13.92,13.97,-1.65,0
0,0,-1.11,13.88,13.92,-1.65,1
0,0,1.01,13.92,13.96,-1.5,1
2444.96,1850.02,1.01,13.93,13.97,-1.5,0
1693,10038,1.01,13.87,13.91,-1.5,2
2439.75,1778.44,1.01,13.94,13.97,-1.5,0
2429.7,1702.28,7.92,3.61,8.71,-0.43,0
2603.48,2062.24,8.75,0.83,8.79,-0.09,4
2399.22,1698.7,9.53,0.9,9.57,-0.09,0
1464,18109,-1.12,13.95,14,-1.65,2
2444.18,2009.29,-1.11,13.87,13.92,-1.65,0
2454.32,2405.11,-1.11,13.88,13.92,-1.65,4
0,0,-0.51,13.97,13.98,-1.61,1
2445.97,1863.92,1.01,13.91,13.95,-1.5,0
2463.98,1856.54,1.01,13.85,13.89,-1.5,3
2440.76,1792.31,1.01,13.89,13.92,-1.5,0
2431.79,1711.61,1.6,10.5,10.62,-1.42,0
0,0,6.46,0.51,6.48,-0.08,1
2408.14,1699.55,7.69,0.73,7.73,-0.09,0
2459.72,2086.85,-0.94,13.93,13.96,-1.64,3
2443.07,2023.19,-1.12,13.93,13.98,-1.65,0
0,0,-1.11,13.91,13.95,-1.65,1
2469.4,1964.11,-1.11,13.9,13.94,-1.65,3
2446.98,1877.82,1.01,13.87,13.9,-1.5,0
0,0,1.01,13.9,13.94,-1.5,1
2441.77,1806.21,1.01,13.95,13.99,-1.5,0
2433.54,1723.12,1.89,12.42,12.57,-1.42,0
213,19599,6.7,5.61,8.74,-0.7,2
2416.44,1700.33,8.81,0.83,8.85,-0.09,0
0,0,-0.94,13.85,13.88,-1.64,1
2441.95,2037.1,-1.11,13.86,13.91,-1.65,0
0,0,-1.11,13.89,13.94,-1.65,1
2468.29,1978.02,-1.12,13.94,13.98,-1.65,3
2447.99,1891.72,1.01,13.83,13.87,-1.5,0
2466,1884.31,1.01,13.84,13.87,-1.5,3
2442.78,1820.11,1.01,13.89,13.93,-1.5,0
2435.45,1735.65,1.9,12.47,12.62,-1.42,0
2451.94,1732.62,1.58,10.37,10.49,-1.42,3
2423.89,1700.97,6.69,0.46,6.71,-0.07,0
2581.91,2198.62,-2.16,13.77,13.94,-1.73,4
2440.84,2051,-1.12,13.94,13.99,-1.65,0
0,0,-1.12,13.95,13.99,-1.65,1
2741.18,2259.89,-1.11,13.84,13.89,-1.65,4
2449,1905.6,1.01,13.91,13.94,-1.5,0
1885,13439,1.01,13.94,13.97,-1.5,2
2443.79,1834,1.01,13.91,13.94,-1.5,0
2437.35,1748.17,1.9,12.48,12.62,-1.42,0
809,11818,1.89,12.42,12.56,-1.42,2
2430.58,1703.9,4.96,7.43,8.93,-0.98,0
2452.89,2127.37,-7.18,11.94,13.93,-2.11,3
2439.85,2064.9,-0.94,13.94,13.98,-1.64,0
2462.87,2045.71,-1.12,13.94,13.98,-1.65,3
2466.07,2005.77,-1.11,13.9,13.94,-1.65,3
2450.01,1919.49,1.01,13.92,13.96,-1.5,0
1988,18487,1.01,13.88,13.92,-1.5,2
2444.8,1847.89,1.01,13.91,13.95,-1.5,0
2438.62,1760.78,0.88,12.63,12.66,-1.5,0
0,0,2.1,13.81,13.97,-1.42,1
2432.11,1713.74,1.63,10.72,10.85,-1.42,0
0,0,-11.9,7.28,13.95,-2.59,1
2438.91,2078.8,-0.94,13.94,13.97,-1.64,0
2461.75,2059.6,-1.11,13.87,13.92,-1.65,3
2464.95,2019.66,-1.11,13.88,13.92,-1.65,3
2450.26,1933.38,-1.11,13.91,13.96,-1.65,0
2469.03,1925.97,1.01,13.9,13.93,-1.5,3
2445.81,1861.78,1.01,13.95,13.98,-1.5,0
2439.39,1773.44,0.89,12.61,12.64,-1.5,0
2868.79,2184.22,1.96,13.7,13.84,-1.43,4
2433.91,1725.57,1.93,12.68,12.82,-1.42,0
2529.47,2440.93,-13.54,3.07,13.88,-2.92,4
2438.22,2092.72,-1.76,13.85,13.97,-1.7,0
2577.64,2326.5,-1.12,13.92,13.96,-1.65,4
2463.84,2033.53,-1.11,13.83,13.88,-1.65,3
2449.15,1947.27,-1.12,13.95,13.99,-1.65,0
457,14721,1.01,13.85,13.88,-1.5,2
2446.82,1875.67,1.01,13.95,13.98,-1.5,0
2440.31,1786.1,0.92,12.59,12.62,-1.5,0
1177,12670,0.75,13.55,13.57,-1.52,2
2435.97,1739.1,2.1,13.82,13.98,-1.42,0
2571.54,2603.51,-13.86,-0.47,13.87,3.11,4
2433.87,2105.75,-7.21,11.99,13.99,-2.11,0
2459.68,2087.4,-0.94,13.92,13.95,-1.64,3
2462.73,2047.41,-1.11,13.83,13.88,-1.65,3
2448.04,1961.15,-1.11,13.91,13.96,-1.65,0
2553.24,2112.74,-1.12,13.92,13.97,-1.65,4
2447.83,1889.56,1.01,13.88,13.92,-1.5,0
2441.23,1798.76,0.92,12.65,12.68,-1.5,0
0,0,0.98,13.43,13.46,-1.5,1
2437.97,1752.88,1.59,13.83,13.92,-1.46,0
2401.62,2140.04,-13.93,-0.47,13.93,3.11,3
2424.16,2115.43,-11.78,7.48,13.95,-2.58,0
2458.74,2101.32,-0.94,13.88,13.91,-1.64,3
1023,17134,-1.11,13.86,13.91,-1.65,2
2446.93,1975.02,-1.11,13.9,13.94,-1.65,0
2926.12,2288.64,-1.12,13.95,14,-1.65,4
2448.84,1903.45,1.01,13.92,13.96,-1.5,0
2442.15,1811.38,0.92,12.6,12.63,-1.5,0
0,0,0.96,13.19,13.23,-1.5,1
2438.96,1766.78,0.77,13.9,13.92,-1.52,0
1950,17070,-13.93,-0.47,13.94,3.11,2
2411.28,2120.52,-13.55,3.07,13.89,-2.92,0
2457.8,2115.19,-2.33,13.75,13.95,-1.74,3
1315,10210,-1.11,13.87,13.91,-1.65,2
2445.82,1988.9,-1.11,13.86,13.91,-1.65,0
0,0,-1.11,13.83,13.88,-1.65,1
2449.85,1917.35,1.01,13.83,13.87,-1.5,0
2443.07,1824.04,0.92,12.7,12.73,-1.5,0
0,0,0.95,13.11,13.14,-1.5,1
2439.91,1780.67,1.01,13.85,13.88,-1.5,0
0,0,-13.94,-0.47,13.95,3.11,1
2397.41,2120.57,-13.95,-0.47,13.96,3.11,0
2929.59,2542.88,-7.18,11.95,13.94,-2.11,4
2459.56,2089.1,-0.94,13.91,13.94,-1.64,3
2444.7,2002.79,-1.12,13.95,13.99,-1.65,0
2466.9,1995.42,-1.12,13.94,13.99,-1.65,3
2450.43,1931.26,-1.11,13.84,13.89,-1.65,0
2443.99,1836.67,0.92,12.58,12.62,-1.5,0
2462.6,1837.64,0.94,12.91,12.94,-1.5,3
2440.93,1794.58,1.01,13.89,13.92,-1.5,0
2312,12937,-13.88,-0.47,13.89,3.11,2
2383.49,2120.1,-13.93,-0.47,13.93,3.11,0
0,0,-12.09,6.85,13.89,-2.63,1
2458.65,2103,-0.77,13.89,13.91,-1.63,3
2443.59,2016.65,-1.11,13.84,13.89,-1.65,0
2894.78,2241.3,-1.12,13.95,13.99,-1.65,4
2449.32,1945.16,-1.12,13.94,13.98,-1.65,0
2444.91,1849.33,0.92,12.62,12.65,-1.5,0
0,0,0.94,12.88,12.91,-1.5,1
2441.94,1808.49,1.01,13.85,13.89,-1.5,0
2345.93,2138.15,-13.91,-0.47,13.92,3.11,3
2369.57,2119.63,-13.97,-0.47,13.98,3.11,0
2459.88,2544.96,-13.65,2.51,13.87,-2.96,4
2706.49,2212.84,-2.59,13.73,13.97,-1.76,4
2442.48,2030.57,-1.12,13.95,13.99,-1.65,0
2464.67,2023.19,-1.11,13.85,13.89,-1.65,3
2448.21,1959.04,-1.11,13.89,13.93,-1.65,0
2445.83,1861.98,0.92,12.69,12.72,-1.5,0
2920.48,2041.41,0.94,12.87,12.91,-1.5,4
2442.94,1822.24,0.99,13.63,13.66,-1.5,0
0,0,-13.9,-0.47,13.91,3.11,1
2355.64,2119.16,-13.95,-0.47,13.95,3.11,0
0,0,-13.98,-0.47,13.98,3.11,1
2451.53,2129.21,-8.23,11.24,13.93,-2.2,3
2441.36,2044.46,-1.11,13.87,13.91,-1.65,0
2858.56,2022.07,-1.11,13.9,13.95,-1.65,4
2447.09,1972.96,-1.11,13.87,13.91,-1.65,0
2446.75,1874.62,0.92,12.65,12.68,-1.5,0
2903.41,2139.22,0.93,12.79,12.83,-1.5,4
2443.92,1835.77,0.98,13.46,13.5,-1.5,0
2761.06,2439.21,-13.91,-0.47,13.92,3.11,4
2341.73,2118.69,-13.95,-0.47,13.95,3.11,0
2401.04,2140.02,-13.92,-0.47,13.93,3.11,3
0,0,-12.66,5.66,13.87,-2.72,1
2440.29,2058.36,-0.94,13.92,13.96,-1.64,0
2467.44,2346.99,-1.12,13.95,14,-1.65,4
2445.98,1986.84,-1.11,13.88,13.93,-1.65,0
2447.67,1887.28,0.92,12.61,12.64,-1.5,0
2466.34,1889.01,0.93,12.74,12.77,-1.5,3
2444.89,1849.12,0.97,13.33,13.37,-1.5,0
2304.11,2136.74,-13.92,-0.47,13.92,3.11,3
2327.8,2118.22,-13.91,-0.47,13.91,3.11,0
945,11225,-13.89,-0.47,13.9,3.11,2
0,0,-13.95,0.06,13.95,-3.14,1
2439.35,2072.26,-0.95,13.96,14,-1.64,0
2461.33,2064.88,-1.12,13.94,13.99,-1.65,3
2444.87,2000.73,-1.12,13.92,13.96,-1.65,0
2448.59,1899.92,0.92,12.7,12.74,-1.5,0
2467.26,1901.73,0.92,12.67,12.7,-1.5,3
2445.85,1862.28,0.95,13.12,13.15,-1.5,0
2290.2,2136.27,-13.95,-0.47,13.96,3.11,3
2313.85,2117.75,-13.99,-0.47,14,3.11,0
0,0,-13.95,-0.47,13.96,3.11,1
2402,10476,-13.89,-0.47,13.9,3.11,2
2438.59,2086.17,-0.24,13.96,13.96,-1.59,0
0,0,-0.94,13.91,13.94,-1.64,1
2443.76,2014.61,-1.11,13.83,13.87,-1.65,0
2449.51,1912.59,0.92,12.61,12.64,-1.5,0
2585.19,2056.48,0.93,12.75,12.78,-1.5,4
2446.8,1875.35,0.95,13.02,13.05,-1.5,0
2276.26,2135.8,-13.95,-0.47,13.96,3.11,3
2299.93,2117.28,-13.93,-0.47,13.93,3.11,0
1964,14870,-13.95,-0.47,13.96,3.11,2
2841.32,2455.96,-13.97,-0.47,13.98,3.11,4
2436.9,2099.97,-2.59,13.73,13.97,-1.76,0
2401,17661,-0.94,13.96,13.99,-1.64,2
2442.64,2028.49,-1.11,13.91,13.95,-1.65,0
2450.43,1925.25,0.92,12.66,12.69,-1.5,0
2874.12,2193.2,0.92,12.66,12.7,-1.5,4
2447.74,1888.35,0.94,12.95,12.99,-1.5,0
2488.4,2162.8,-13.8,-1.96,13.94,3,4
2286.02,2116.81,-13.95,-0.47,13.95,3.11,0
2730.31,2430.13,-13.95,-0.47,13.96,3.11,4
0,0,-13.93,-0.47,13.93,3.11,1
2429.52,2111.68,-8.82,10.84,13.98,-2.25,0
0,0,-0.14,13.9,13.9,-1.58,1
2441.53,2042.36,-1.11,13.86,13.9,-1.65,0
2449.9,1937.89,-1.01,12.66,12.7,-1.65,0
2672.04,2181.88,0.92,12.7,12.74,-1.5,4
2448.68,1901.24,0.94,12.94,12.97,-1.5,0
1966,12555,-13.74,-1.95,13.88,3,2
2272.08,2116.34,-13.99,-0.47,14,3.11,0
1148,12862,-13.95,-0.47,13.96,3.11,2
2371.46,2139.02,-13.92,-0.47,13.93,3.11,3
2417.53,2118.64,-12.78,5.71,14,-2.72,0
871,17356,-2.58,13.69,13.93,-1.76,2
2440.43,2056.26,-1.04,13.9,13.94,-1.65,0
2448.89,1950.55,-1.01,12.66,12.7,-1.65,0
2470.33,1952.56,-1.02,12.68,12.72,-1.65,3
2449.62,1914.07,0.94,12.87,12.9,-1.5,0
2234.83,2130.65,-13.59,-3.25,13.98,2.91,3
2258.14,2115.86,-13.99,-0.47,14,3.11,0
0,0,-13.92,-0.47,13.93,3.11,1
0,0,-13.98,-0.47,13.99,3.11,1
2403.96,2120.79,-13.87,-0.47,13.88,3.11,0
789,17615,-8.82,10.85,13.99,-2.25,2
2439.49,2070.17,-0.94,13.9,13.93,-1.64,0
2447.87,1963.21,-1.01,12.63,12.67,-1.65,0
2469.31,1965.24,-1.02,12.69,12.73,-1.65,3
2450.55,1926.9,0.93,12.8,12.83,-1.5,0
0,0,-13.18,-4.47,13.91,2.81,1
2244.25,2115.06,-13.75,-1.95,13.89,3,0
849,11977,-13.97,-0.47,13.98,3.11,2
0,0,-13.97,-0.47,13.98,3.11,1
2390.02,2120.32,-13.89,-0.47,13.9,3.11,0
0,0,-12.75,5.7,13.96,-2.72,1
2438.62,2084.08,-0.55,13.93,13.94,-1.61,0
2446.86,1975.85,-1.01,12.66,12.7,-1.65,0
1566,11405,-1.01,12.63,12.67,-1.65,2
2449.76,1939.67,-1.03,12.83,12.87,-1.65,0
2208.44,2121.7,-13.19,-4.47,13.93,2.81,3
2230.46,2113.11,-13.74,-1.95,13.88,3,0
2289.6,2136.25,-13.87,-0.47,13.87,3.11,3
878,10706,-13.94,-0.47,13.95,3.11,2
2376.09,2119.85,-13.96,-0.47,13.96,3.11,0
2423.6,2140.78,-13.9,-0.47,13.9,3.11,3
2437.29,2097.91,-2.59,13.74,13.98,-1.76,0
2445.85,1988.5,-1.01,12.58,12.62,-1.65,0
2237,18762,-1.02,12.72,12.76,-1.65,2
2448.74,1952.42,-1.02,12.72,12.76,-1.65,0
2402.48,2357.62,-12.05,-7.09,13.98,2.61,4
2216.68,2111.15,-13.75,-1.95,13.89,3,0
1866,11139,-13.94,-0.47,13.95,3.11,2
0,0,-13.89,-0.47,13.89,3.11,1
2362.16,2119.38,-13.99,-0.47,14,3.11,0
803,14074,-13.87,-0.47,13.88,3.11,2
2430.85,2110.04,-8.81,10.84,13.97,-2.25,0
2444.83,2001.15,-1.01,12.65,12.69,-1.65,0
2466.27,2003.23,-1.01,12.58,12.62,-1.65,3
2447.72,1965.15,-1.02,12.67,12.71,-1.65,0
1413,17303,-12,-7.07,13.93,2.61,2
2203.45,2106.8,-13.24,-4.49,13.98,2.81,0
2261.79,2134.71,-13.8,-1.96,13.94,3,3
0,0,-13.99,-0.47,14,3.11,1
2348.25,2118.91,-13.96,-0.47,13.96,3.11,0
0,0,-13.95,-0.47,13.96,3.11,1
2419.5,2117.77,-12.66,5.66,13.87,-2.72,0
2443.82,2013.79,-1.01,12.63,12.67,-1.65,0
2465.26,2015.87,-1.01,12.63,12.67,-1.65,3
2446.7,1977.81,-1.01,12.62,12.66,-1.65,0
2589.22,2204.93,-9.8,-5.77,11.37,2.61,4
2190.26,2102.32,-13.23,-4.49,13.97,2.81,0
0,0,-13.78,-1.95,13.92,3,1
2287.88,2136.19,-13.93,-0.47,13.94,3.11,3
2334.32,2118.44,-13.99,-0.47,14,3.11,0
875,12712,-13.91,-0.47,13.91,3.11,2
2406.09,2120.86,-13.9,-0.47,13.91,3.11,0
2442.81,2026.42,-1.01,12.59,12.63,-1.65,0
1071,18119,-1.01,12.61,12.65,-1.65,2
2445.69,1990.49,-1.02,12.72,12.76,-1.65,0
2402.55,2240.42,-5.92,-3.49,6.87,2.61,4
2177.18,2097.62,-12.67,-5.77,13.93,2.71,0
2472.28,2356.47,-13.37,-3.82,13.91,2.86,4
2466.95,2568.72,-13.94,-0.47,13.95,3.11,4
2320.4,2117.97,-13.95,-0.47,13.96,3.11,0
353,14428,-13.97,-0.47,13.98,3.11,2
2392.15,2120.39,-13.98,-0.47,13.99,3.11,0
2441.8,2039.06,-1.02,12.68,12.72,-1.65,0
320,17097,-1.01,12.67,12.71,-1.65,2
2444.67,2003.17,-1.02,12.71,12.75,-1.65,0
0,0,-2.04,-1.2,2.37,2.61,1
2166.01,2091.05,-9.9,-5.83,11.49,2.61,0
2221.09,2125.99,-13.16,-4.46,13.9,2.81,3
2247.09,2528.47,-13.86,-1.97,14,3,4
2306.47,2117.5,-13.99,-0.47,14,3.11,0
2673.92,2313.42,-13.94,-0.47,13.95,3.11,4
2378.24,2119.92,-13.88,-0.47,13.89,3.11,0
2440.78,2051.69,-1.01,12.59,12.63,-1.65,0
2462.22,2053.81,-1.01,12.59,12.63,-1.65,3
2443.66,2015.85,-1.01,12.57,12.61,-1.65,0
0,0,0,0,0,2.61,1
2157.61,2086.1,-7.15,-4.21,8.29,2.61,0
0,0,-13.19,-4.47,13.92,2.81,1
0,0,-13.76,-1.95,13.89,3,1
2292.55,2117.03,-13.96,-0.47,13.97,3.11,0
1636,10333,-13.87,-0.47,13.88,3.11,2
2364.31,2119.45,-13.93,-0.47,13.94,3.11,0
2439.89,2064.34,-0.86,12.68,12.71,-1.64,0
0,0,-1.01,12.62,12.67,-1.65,1
2442.64,2028.51,-1.01,12.66,12.7,-1.65,0
2160.32,2095.93,0,0,0,2.61,3
2151.78,2082.67,-4.79,-2.82,5.56,2.61,0
2195.81,2116.82,-10.17,-5.98,11.8,2.61,3
2232.66,2129.92,-13.15,-4.46,13.89,2.81,3
2278.62,2116.56,-13.97,-0.47,13.98,3.11,0
2326.07,2137.48,-13.92,-0.47,13.93,3.11,3
2350.38,2118.98,-13.91,-0.47,13.92,3.11,0
2439.03,2076.99,-0.86,12.65,12.68,-1.64,0
1528,16580,-0.86,12.65,12.68,-1.64,2
2441.63,2041.17,-1.02,12.78,12.82,-1.65,0
2208.32,2522.93,0,0,0,2.61,4
2148.12,2080.51,-2.85,-1.68,3.31,2.61,0
0,0,-8.03,-4.73,9.32,2.61,1
2427.47,2392.45,-13.18,-4.47,13.92,2.81,4
2264.7,2116.09,-13.89,-0.47,13.9,3.11,0
2343.14,2338.01,-13.91,-0.47,13.92,3.11,4
2336.45,2118.51,-13.94,-0.47,13.95,3.11,0
2438.55,2089.92,-0.31,13.61,13.62,-1.59,0
2459.37,2091.89,-0.89,13.17,13.2,-1.64,3
2440.61,2053.89,-1.04,12.94,12.98,-1.65,0
1842,16628,0,0,0,2.61,2
2146.14,2079.35,-1.4,-0.82,1.62,2.61,0
2180.02,2107.52,-5.91,-3.48,6.86,2.61,3
2206.56,2121.07,-12.15,-4.12,12.83,2.81,3
2250.77,2115.62,-13.98,-0.47,13.98,3.11,0
898,11300,-13.99,-0.47,14,3.11,2
2322.52,2118.04,-13.95,-0.47,13.96,3.11,0
2435.35,2103.29,-7.17,11.92,13.91,-2.11,0
2871.58,2383.51,-0.39,13.7,13.71,-1.6,4
2439.69,2067.29,-0.91,13.48,13.51,-1.64,0
0,0,0,0,0,2.61,1
2145.21,2078.8,-0.61,-0.36,0.7,2.61,0
753,18986,-4.08,-2.4,4.73,2.61,2
2241.93,2464.88,-8.95,-5.27,10.39,2.61,4
2236.96,2114.03,-13.74,-1.95,13.87,3,0
2284.27,2136.07,-13.97,-0.47,13.98,3.11,3
2308.59,2117.57,-13.92,-0.47,13.92,3.11,0
2426.6,2113.88,-11.74,7.45,13.9,-2.58,0
2700.06,2121.14,-2.56,13.59,13.83,-1.76,4
2438.77,2080.84,-0.92,13.55,13.58,-1.64,0
2160.32,2095.93,0,0,0,2.61,3
2144.84,2078.59,-0.22,-0.13,0.26,2.61,0
2009,15696,-2.36,-1.39,2.74,2.61,2
2188.09,2112.27,-6.98,-4.11,8.1,2.61,3
2223.17,2112.07,-13.83,-1.96,13.97,3,0
2600.33,2382.6,-13.95,-0.47,13.96,3.11,4
2294.64,2117.1,-13.99,-0.47,13.99,3.11,0
2414.09,2119.88,-13.32,4.27,13.99,-2.83,0
0,0,-8.66,10.65,13.73,-2.25,1
2437.95,2094.42,-2.07,13.52,13.68,-1.72,0
2366.32,2279.93,0,0,0,2.61,4
2144.71,2078.51,-0.08,-0.05,0.1,2.61,0
2636.34,2381.82,-1.27,-0.75,1.48,2.61,4
2447,10514,-4.99,-2.94,5.79,2.61,2
2209.66,2108.9,-13.23,-4.49,13.97,2.81,0
2256.5,2133.96,-13.83,-1.96,13.97,3,3
2280.72,2116.63,-13.88,-0.47,13.88,3.11,0
2400.3,2120.67,-13.97,-0.47,13.98,3.11,0
1628,15440,-12.61,5.64,13.81,-2.72,2
2433.12,2106.99,-7.08,11.78,13.75,-2.11,0
0,0,0,0,0,2.61,1
2144.66,2078.48,-0.03,-0.02,0.03,2.61,0
0,0,-0.56,-0.33,0.65,2.61,1
2502.17,2524.43,-3.25,-1.91,3.77,2.61,4
2196.45,2104.42,-13.19,-4.47,13.93,2.81,0
0,0,-13.76,-1.95,13.9,3,1
2266.8,2116.16,-13.89,-0.47,13.89,3.11,0
2386.37,2120.2,-13.98,-0.47,13.99,3.11,0
2425.22,2140.83,-13.83,-0.47,13.84,3.11,3
2423.11,2116.1,-11.59,7.36,13.72,-2.58,0
0,0,0,0,0,2.61,1
2144.64,2078.47,-0.01,-0.01,0.01,2.61,0
2176.16,2289.13,-0.22,-0.13,0.25,2.61,4
2169.66,2362.95,-1.95,-1.15,2.27,2.61,4
2183.79,2100.13,-11.55,-3.92,12.2,2.81,0
2229.21,2128.75,-13.25,-4.49,13.99,2.81,3
2252.88,2115.69,-13.87,-0.47,13.88,3.11,0
2372.46,2119.73,-13.95,-0.47,13.96,3.11,0
2467.41,2385.37,-13.77,-0.47,13.78,3.11,4
2410.23,2120.76,-13.47,3.06,13.82,-2.92,0
2160.32,2095.93,0,0,0,2.61,3
2144.64,2078.46,0,0,0,2.61,0
2169.02,2101.05,-0.08,-0.05,0.09,2.61,3
0,0,-0.94,-0.56,1.09,2.61,1
2174.1,2095.81,-8.04,-4.73,9.33,2.61,0
0,0,-11.84,-4.02,12.5,2.81,1
2239.03,2114.32,-13.83,-1.96,13.97,3,0
2358.56,2119.26,-13.96,-0.47,13.97,3.11,0
0,0,-13.84,-0.47,13.85,3.11,1
2396.45,2120.54,-13.84,-0.47,13.85,3.11,0
2160.32,2095.93,0,0,0,2.61,3
2144.63,2078.46,0,0,0,2.61,0
1551,15579,-0.03,-0.02,0.04,2.61,2
2206.68,2214.79,-0.42,-0.25,0.49,2.61,4
2167.32,2091.82,-5.74,-3.38,6.66,2.61,0
0,0,-9.54,-3.24,10.07,2.81,1
2225.22,2112.36,-13.81,-1.96,13.95,3,0
2344.65,2118.79,-13.91,-0.47,13.92,3.11,0
0,0,-13.87,-0.47,13.87,3.11,1
2382.64,2120.07,-13.76,-0.46,13.77,3.11,0
2411.32,2502.93,0,0,0,2.61,4
2144.63,2078.46,0,0,0,2.61,0
2410.95,2513.01,-0.01,-0.01,0.01,2.61,4
1693,11253,-0.16,-0.1,0.19,2.61,2
2162.73,2089.11,-3.7,-2.18,4.29,2.61,0
2371,15168,-7.3,-2.95,7.88,2.76,2
2211.61,2109.56,-13.19,-4.47,13.93,2.81,0
2330.73,2118.32,-13.93,-0.47,13.93,3.11,0
2369.8,2138.96,-13.84,-0.47,13.85,3.11,3
2368.78,2119.6,-13.78,-0.47,13.79,3.11,0
2267.32,2093.93,0,0,0,2.61,4
2144.63,2078.46,0,0,0,2.61,0
0,0,0,0,0.01,2.61,1
0,0,-0.06,-0.04,0.07,2.61,1
2160,2087.51,-2.03,-1.19,2.35,2.61,0
824,14161,-5.06,-2.98,5.87,2.61,2
2199,2105.29,-11.66,-3.96,12.32,2.81,0
2316.81,2117.85,-13.91,-0.47,13.92,3.11,0
1876,13761,-13.94,-0.47,13.95,3.11,2
2354.94,2119.13,-13.85,-0.47,13.86,3.11,0
2160.32,2095.93,0,0,0,2.61,3
2144.63,2078.46,0,0,0,2.61,0
2168.94,2101,0,0,0,2.61,3
2371.28,2438.55,-0.02,-0.01,0.03,2.61,4
2158.57,2086.67,-0.99,-0.58,1.15,2.61,0
0,0,-3.49,-2.05,4.05,2.61,1
2188.57,2101.75,-9.37,-3.18,9.89,2.81,0
2302.88,2117.38,-13.99,-0.47,14,3.11,0
2342,2138.02,-13.99,-0.47,14,3.11,3
2341.06,2118.67,-13.93,-0.47,13.94,3.11,0
2572.32,2267.93,0,0,0,2.61,4
2144.63,2078.46,0,0,0,2.61,0
2563.94,2295,0,0,0,2.61,4
2173.26,2103.54,-0.01,-0.01,0.01,2.61,3
2157.95,2086.3,-0.41,-0.24,0.48,2.61,0
0,0,-2.18,-1.28,2.53,2.61,1
2180.36,2098.96,-7.28,-2.47,7.69,2.81,0
2288.95,2116.91,-13.92,-0.47,13.93,3.11,0
2328.1,2137.55,-13.97,-0.47,13.98,3.11,3
2327.19,2118.2,-13.91,-0.47,13.91,3.11,0
728,18421,0,0,0,2.61,2
2144.63,2078.46,0,0,0,2.61,0
2168.94,2101,0,0,0,2.61,3
2173.26,2103.54,0,0,0,2.61,3
2157.71,2086.16,-0.15,-0.09,0.17,2.61,0
2428,13630,-1.18,-0.7,1.37,2.61,2
2174.6,2096.1,-4.81,-2.83,5.58,2.61,0
2275.01,2116.43,-13.98,-0.47,13.99,3.11,0
2314.18,2137.08,-13.89,-0.47,13.9,3.11,3
2313.3,2117.73,-13.96,-0.47,13.97,3.11,0
2470.32,2472.93,0,0,0,2.61,4
2144.63,2078.46,0,0,0,2.61,0
0,0,0,0,0,2.61,1
2173.25,2103.54,0,0,0,2.61,3
2157.61,2086.1,-0.05,-0.03,0.06,2.61,0
2527.45,2242.95,-0.55,-0.32,0.64,2.61,4
2170.75,2093.84,-3.13,-1.84,3.63,2.61,0
2261.07,2115.96,-13.9,-0.47,13.9,3.11,0
311,13010,-13.94,-0.47,13.95,3.11,2
2299.41,2117.26,-13.94,-0.47,13.94,3.11,0
2160.32,2095.93,0,0,0,2.61,3
2144.63,2078.46,0,0,0,2.61,0
1396,17875,0,0,0,2.61,2
2161.25,2113.54,0,0,0,2.61,4
2157.58,2086.08,-0.02,-0.01,0.02,2.61,0
2058,11727,-0.23,-0.13,0.26,2.61,2
2168.42,2092.47,-1.76,-1.03,2.04,2.61,0
2247.15,2115.47,-13.94,-0.58,13.95,3.1,0
1465,12178,-13.85,-0.47,13.86,3.11,2
2285.53,2116.79,-13.9,-0.47,13.91,3.11,0
2160.32,2095.93,0,0,0,2.61,3
2144.63,2078.46,0,0,0,2.61,0
2168.94,2101,0,0,0,2.61,3
0,0,0,0,0,2.61,1
2157.57,2086.08,-0.01,0,0.01,2.61,0
2252.96,2096.66,-0.09,-0.05,0.1,2.61,4
2167.17,2091.73,-0.87,-0.51,1.01,2.61,0
2233.35,2113.52,-13.85,-1.96,13.99,3,0
2272.44,2135.67,-13.89,-0.47,13.9,3.11,3
2271.62,2116.32,-13.93,-0.47,13.94,3.11,0
2160.32,2095.93,0,0,0,2.61,3
2144.63,2078.46,0,0,0,2.61,0
0,0,0,0,0,2.61,1
0,0,0,0,0,2.61,1
2157.56,2086.07,0,0,0,2.61,0
2181.91,2108.63,-0.03,-0.02,0.04,2.61,3
2166.58,2091.38,-0.39,-0.23,0.45,2.61,0
2219.55,2111.56,-13.76,-1.95,13.9,3,0
2707.61,2565.26,-13.75,-1.95,13.88,3,4
2257.72,2115.85,-13.88,-0.47,13.89,3.11,0
2284.32,2181.93,0,0,0,2.61,4
2144.63,2078.46,0,0,0,2.61,0
0,0,0,0,0,2.61,1
2173.25,2103.54,0,0,0,2.61,3
2157.56,2086.07,0,0,0,2.61,0
0,0,-0.01,-0.01,0.02,2.61,1
2166.34,2091.24,-0.15,-0.09,0.18,2.61,0
2206.2,2107.72,-13.14,-4.45,13.87,2.81,0
2595.82,2338.31,-13.77,-1.95,13.9,3,4
2243.85,2115.01,-13.79,-1.96,13.93,3,0
387,15331,0,0,0,2.61,2
2144.63,2078.46,0,0,0,2.61,0
2481.94,2442,0,0,0,2.61,4
2173.25,2103.54,0,0,0,2.61,3
2157.56,2086.07,0,0,0,2.61,0
0,0,-0.01,0,0.01,2.61,1
2166.24,2091.18,-0.06,-0.04,0.07,2.61,0
2193.81,2103.52,-11.08,-3.76,11.7,2.81,0
2231.68,2129.59,-11.91,-4.04,12.58,2.81,3
2230.32,2113.09,-12.85,-1.82,12.97,3,0
2284,11618,0,0,0,2.61,2
2144.63,2078.46,0,0,0,2.61,0
2168.94,2101,0,0,0,2.61,3
1922,12475,0,0,0,2.61,2
2157.56,2086.07,0,0,0,2.61,0
424,10966,0,0,0,2.61,2
2166.21,2091.16,-0.02,-0.01,0.03,2.61,0
2184.41,2100.34,-8.02,-2.72,8.47,2.81,0
2467,14219,-9.6,-3.26,10.14,2.81,2
2218.46,2111.4,-11.03,-1.56,11.14,3,0
2160.32,2095.93,0,0,0,2.61,3
2144.63,2078.46,0,0,0,2.61,0
2168.94,2101,0,0,0,2.61,3
2173.25,2103.54,0,0,0,2.61,3
2157.56,2086.07,0,0,0,2.61,0
0,0,0,0,0,2.61,1
2166.19,2091.15,-0.01,-0.01,0.01,2.61,0
2177.9,2098.04,-5.32,-1.99,5.68,2.78,0
0,0,-7.52,-2.55,7.94,2.81,1
2208.74,2108.59,-8.87,-3.01,9.37,2.81,0
2584.32,2284.93,0,0,0,2.61,4
2144.63,2078.46,0,0,0,2.61,0
1199,16540,0,0,0,2.61,2
2253.25,2495.54,0,0,0,2.61,4
2157.56,2086.07,0,0,0,2.61,0
226,12240,0,0,0,2.61,2
2166.19,2091.15,0,0,0,2.61,0
2174.12,2095.82,-2.93,-1.72,3.4,2.61,0
2206.3,2120.98,-5.64,-1.91,5.96,2.81,3
2200.69,2105.86,-7.38,-2.5,7.79,2.81,0
2160.32,2095.93,0,0,0,2.61,3
2144.63,2078.46,0,0,0,2.61,0
0,0,0,0,0,2.61,1
1299,12283,0,0,0,2.61,2
2157.56,2086.07,0,0,0,2.61,0
1531,15344,0,0,0,2.61,2
2166.18,2091.15,0,0,0,2.61,0
2172.07,2094.62,-1.45,-0.85,1.68,2.61,0
2201.55,2119.37,-4.02,-1.36,4.24,2.81,3
2194.15,2103.64,-5.88,-1.99,6.21,2.81,0
0,0,0,0,0,2.61,1
2144.63,2078.46,0,0,0,2.61,0
2217.94,2107,0,0,0,2.61,4
0,0,0,0,0,2.61,1
2157.56,2086.07,0,0,0,2.61,0
1260,11164,0,0,0,2.61,2
2166.18,2091.15,0,0,0,2.61,0
2171.11,2094.05,-0.64,-0.38,0.75,2.61,0
2607.31,2562.27,-2.58,-0.88,2.73,2.81,4
2189,2101.89,-4.62,-1.57,4.88,2.81,0
2188.32,2139.93,0,0,0,2.61,4
2144.63,2078.46,0,0,0,2.61,0
1774,15140,0,0,0,2.61,2
2133,13074,0,0,0,2.61,2
2157.56,2086.07,0,0,0,2.61,0
2225.87,2193.61,0,0,0,2.61,4
2166.18,2091.15,0,0,0,2.61,0
2170.71,2093.82,-0.24,-0.14,0.28,2.61,0
0,0,-1.4,-0.75,1.58,2.65,1
2185.17,2100.59,-3.32,-1.13,3.51,2.81,0
2160.32,2095.93,0,0,0,2.61,3
2144.63,2078.46,0,0,0,2.61,0
0,0,0,0,0,2.61,1
1320,11544,0,0,0,2.61,2
2157.56,2086.07,0,0,0,2.61,0
0,0,0,0,0,2.61,1
2166.18,2091.15,0,0,0,2.61,0
2170.57,2093.73,-0.09,-0.05,0.1,2.61,0
2195.54,2116.66,-0.68,-0.4,0.78,2.61,3
2182.53,2099.7,-2.18,-0.74,2.3,2.81,0
1431,12014,0,0,0,2.61,2
2144.63,2078.46,0,0,0,2.61,0
0,0,0,0,0,2.61,1
0,0,0,0,0,2.61,1
2157.56,2086.07,0,0,0,2.61,0
2406.87,2543.61,0,0,0,2.61,4
2166.18,2091.15,0,0,0,2.61,0
2170.52,2093.7,-0.03,-0.02,0.04,2.61,0
2413.1,2350.4,-0.29,-0.17,0.34,2.61,4
2180.86,2099.13,-1.3,-0.44,1.37,2.81,0
2160.32,2095.93,0,0,0,2.61,3
2144.63,2078.46,0,0,0,2.61,0
0,0,0,0,0,2.61,1
2173.25,2103.54,0,0,0,2.61,3
2157.56,2086.07,0,0,0,2.61,0
0,0,0,0,0,2.61,1
2166.18,2091.15,0,0,0,2.61,0
2170.5,2093.69,-0.01,-0.01,0.01,2.61,0
0,0,-0.12,-0.07,0.14,2.61,1
2179.96,2098.83,-0.65,-0.22,0.69,2.81,0
2160.32,2095.93,0,0,0,2.61,3
2144.63,2078.46,0,0,0,2.61,0
2168.94,2101,0,0,0,2.61,3
2603.25,2521.54,0,0,0,2.61,4
2157.56,2086.07,0,0,0,2.61,0
1177,10174,0,0,0,2.61,2
2166.18,2091.15,0,0,0,2.61,0
2170.49,2093.69,0,0,0,2.61,0
0,0,-0.05,-0.03,0.05,2.61,1
2179.53,2098.68,-0.29,-0.1,0.31,2.81,0
0,0,0,0,0,2.61,1
2144.63,2078.46,0,0,0,2.61,0
477,15581,0,0,0,2.61,2
0,0,0,0,0,2.61,1
2157.56,2086.07,0,0,0,2.61,0
2200,11590,0,0,0,2.61,2
2166.18,2091.15,0,0,0,2.61,0
2170.49,2093.69,0,0,0,2.61,0
890,10740,-0.02,-0.01,0.02,2.61,2
2179.34,2098.62,-0.13,-0.04,0.13,2.81,0
0,0,0,0,0,2.61,1
2144.63,2078.46,0,0,0,2.61,0
2370.94,2439,0,0,0,2.61,4
0,0,0,0,0,2.61,1
2157.56,2086.07,0,0,0,2.61,0
2185.87,2388.61,0,0,0,2.61,4
2166.18,2091.15,0,0,0,2.61,0
2170.49,2093.68,0,0,0,2.61,0
0,0,-0.01,0,0.01,2.61,1
2179.26,2098.59,-0.05,-0.02,0.06,2.81,0
2063,16382,0,0,0,2.61,2
2144.63,2078.46,0,0,0,2.61,0
917,10601,0,0,0,2.61,2
0,0,0,0,0,2.61,1
2157.56,2086.07,0,0,0,2.61,0
0,0,0,0,0,2.61,1
2166.18,2091.15,0,0,0,2.61,0
2170.49,2093.68,0,0,0,2.61,0
938,14637,0,0,0,2.61,2
2179.22,2098.58,-0.02,-0.01,0.02,2.81,0
2160.32,2095.93,0,0,0,2.61,3
2144.63,2078.46,0,0,0,2.61,0
0,0,0,0,0,2.61,1
1079,13649,0,0,0,2.61,2
2157.56,2086.07,0,0,0,2.61,0
1025,19056,0,0,0,2.61,2
2166.18,2091.15,0,0,0,2.61,0
2170.49,2093.68,0,0,0,2.61,0
0,0,0,0,0,2.61,1
2179.21,2098.57,-0.01,0,0.01,2.81,0
2160.32,2095.93,0,0,0,2.61,3
2144.63,2078.46,0,0,0,2.61,0
0,0,0,0,0,2.61,1
0,0,0,0,0,2.61,1
2157.56,2086.07,0,0,0,2.61,0
2237.87,2286.61,0,0,0,2.61,4
2166.18,2091.15,0,0,0,2.61,0
2170.49,2093.68,0,0,0,2.61,0
352,15789,0,0,0,2.61,2
2179.2,2098.57,0,0,0,2.81,0
2333.32,2489.93,0,0,0,2.61,4
2144.63,2078.46,0,0,0,2.61,0
2299.94,2331,0,0,0,2.61,4
2173.25,2103.54,0,0,0,2.61,3
2157.56,2086.07,0,0,0,2.61,0
0,0,0,0,0,2.61,1
2166.18,2091.15,0,0,0,2.61,0
2170.49,2093.68,0,0,0,2.61,0
2362.8,2455.22,0,0,0,2.61,4
2179.2,2098.57,0,0,0,2.81,0
2219.32,2142.93,0,0,0,2.61,4
2144.63,2078.46,0,0,0,2.61,0
0,0,0,0,0,2.61,1
2173.25,2103.54,0,0,0,2.61,3
2157.56,2086.07,0,0,0,2.61,0
2243,15791,0,0,0,2.61,2
2166.18,2091.15,0,0,0,2.61,0
2170.49,2093.68,0,0,0,2.61,0
2293.8,2321.22,0,0,0,2.61,4
2179.2,2098.57,0,0,0,2.81,0
2245.32,2465.93,0,0,0,2.61,4
2144.63,2078.46,0,0,0,2.61,0
0,0,0,0,0,2.61,1
2304.25,2186.54,0,0,0,2.61,4
2157.56,2086.07,0,0,0,2.61,0
1446,19448,0,0,0,2.61,2
2166.18,2091.15,0,0,0,2.61,0
2170.49,2093.68,0,0,0,2.61,0
2192,18185,0,0,0,2.61,2
2179.2,2098.57,0,0,0,2.81,0
0,0,0,0,0,2.61,1
2144.63,2078.46,0,0,0,2.61,0
2168.94,2101,0,0,0,2.61,3
2504.25,2089.54,0,0,0,2.61,4
2157.56,2086.07,0,0,0,2.61,0
0,0,0,0,0,2.61,1
2166.18,2091.15,0,0,0,2.61,0
2170.49,2093.68,0,0,0,2.61,0
619,14396,0,0,0,2.61,2
2179.2,2098.57,0,0,0,2.81,0
0,0,0,0,0,2.61,1
2144.63,2078.46,0,0,0,2.61,0
0,0,0,0,0,2.61,1
1630,19314,0,0,0,2.61,2
2157.56,2086.07,0,0,0,2.61,0
1066,10699,0,0,0,2.61,2
2166.18,2091.15,0,0,0,2.61,0
2170.49,2093.68,0,0,0,2.61,0
2309.8,2545.22,0,0,0,2.61,4
2179.2,2098.57,0,0,0,2.81,0
0,0,0,0,0,2.61,1
2144.63,2078.46,0,0,0,2.61,0
382,13520,0,0,0,2.61,2
2303.25,2441.54,0,0,0,2.61,4
2157.56,2086.07,0,0,0,2.61,0
2525.87,2097.61,0,0,0,2.61,4
2166.18,2091.15,0,0,0,2.61,0
2170.49,2093.68,0,0,0,2.61,0
2506.8,2255.22,0,0,0,2.61,4
2179.2,2098.57,0,0,0,2.81,0
0,0,0,0,0,2.61,1
2144.63,2078.46,0,0,0,2.61,0
2156.94,2326,0,0,0,2.61,4
0,0,0,0,0,2.61,1
2157.56,2086.07,0,0,0,2.61,0
0,0,0,0,0,2.61,1
2166.18,2091.15,0,0,0,2.61,0
2170.49,2093.68,0,0,0,2.61,0
0,0,0,0,0,2.61,1
2179.2,2098.57,0,0,0,2.81,0
2160.32,2095.93,0,0,0,2.61,3
2144.63,2078.46,0,0,0,2.61,0
0,0,0,0,0,2.61,1
2173.25,2103.54,0,0,0,2.61,3
2157.56,2086.07,0,0,0,2.61,0
2181.87,2108.61,0,0,0,2.61,3
2166.18,2091.15,0,0,0,2.61,0
2170.49,2093.68,0,0,0,2.61,0
1024,10539,0,0,0,2.61,2
2179.2,2098.57,0,0,0,2.81,0
1691,17711,0,0,0,2.61,2
2144.63,2078.46,0,0,0,2.61,0
2168.94,2101,0,0,0,2.61,3
1759,11069,0,0,0,2.61,2
2157.56,2086.07,0,0,0,2.61,0
0,0,0,0,0,2.61,1
2166.18,2091.15,0,0,0,2.61,0
2170.49,2093.68,0,0,0,2.61,0
2194.8,2116.22,0,0,0,2.61,3
2179.2,2098.57,0,0,0,2.81,0
784,17075,0,0,0,2.61,2
2144.63,2078.46,0,0,0,2.61,0
0,0,0,0,0,2.61,1
2173.25,2103.54,0,0,0,2.61,3
2157.56,2086.07,0,0,0,2.61,0
667,19971,0,0,0,2.61,2
2166.18,2091.15,0,0,0,2.61,0
2170.49,2093.68,0,0,0,2.61,0
2194.8,2116.22,0,0,0,2.61,3
2179.2,2098.57,0,0,0,2.81,0
2160.32,2095.93,0,0,0,2.61,3
2144.63,2078.46,0,0,0,2.61,0
0,0,0,0,0,2.61,1
472,11687,0,0,0,2.61,2
2157.56,2086.07,0,0,0,2.61,0
2181.87,2108.61,0,0,0,2.61,3
2166.18,2091.15,0,0,0,2.61,0
2170.49,2093.68,0,0,0,2.61,0
0,0,0,0,0,2.61,1
2179.2,2098.57,0,0,0,2.81,0
2391.32,2528.93,0,0,0,2.61,4
2144.63,2078.46,0,0,0,2.61,0
0,0,0,0,0,2.61,1
2173.25,2103.54,0,0,0,2.61,3
2157.56,2086.07,0,0,0,2.61,0
266,16281,0,0,0,2.61,2
2166.18,2091.15,0,0,0,2.61,0
2170.49,2093.68,0,0,0,2.61,0
0,0,0,0,0,2.61,1
2179.2,2098.57,0,0,0,2.81,0
0,0,-1.83,-1.25,2.22,2.54,1
2144.27,2078.25,-0.91,-0.53,1.05,2.61,0
0,0,-0.25,-0.15,0.29,2.61,1
2295.24,2501.53,-0.04,-0.02,0.05,2.61,4
2157.56,2086.07,0,0,0.01,2.61,0
2565.87,2441.61,0,0,0,2.61,4
2166.18,2091.15,0,0,0,2.61,0
2170.49,2093.68,0,0,0,2.61,0
2194.8,2116.22,0,0,0,2.61,3
2179.2,2098.57,0,0,0,2.81,0
2288.74,2481.87,-3.23,-2.96,4.38,2.4,4
2142.48,2077.2,-2.57,-1.52,2.99,2.61,0
2168.01,2100.45,-1.44,-0.85,1.67,2.61,3
0,0,-0.65,-0.38,0.75,2.61,1
2157.49,2086.03,-0.2,-0.12,0.24,2.61,0
2337.86,2289.6,-0.04,-0.03,0.05,2.61,4
2166.18,2091.15,-0.01,0,0.01,2.61,0
2170.49,2093.68,0,0,0,2.61,0
952,17128,0,0,0,2.61,2
2179.2,2098.57,0,0,0,2.81,0
2153.04,2088.92,-4.29,-4.58,6.27,2.32,3
2139.14,2075,-3.94,-2.76,4.81,2.53,0
2165.69,2099.08,-2.93,-1.73,3.4,2.61,3
2412.6,2215.56,-1.93,-1.14,2.24,2.61,4
2156.86,2085.66,-1.05,-0.62,1.22,2.61,0
382,11315,-0.45,-0.27,0.53,2.61,2
2166.12,2091.11,-0.14,-0.08,0.16,2.61,0
2170.48,2093.68,-0.04,-0.02,0.04,2.61,0
2579.8,2222.22,-0.01,0,0.01,2.61,4
2179.2,2098.57,0,0,0,2.81,0
0,0,-5.6,-5.97,8.18,2.32,1
2134.91,2070.91,-4.66,-4.98,6.82,2.32,0
2376.78,2256.78,-4.67,-2.75,5.42,2.61,4
0,0,-3.51,-2.07,4.08,2.61,1
2155.07,2084.61,-2.42,-1.43,2.81,2.61,0
2180.66,2107.9,-1.52,-0.9,1.77,2.61,3
2165.69,2090.86,-0.78,-0.46,0.91,2.61,0
2170.33,2093.59,-0.31,-0.18,0.36,2.61,0
0,0,-0.09,-0.06,0.11,2.61,1
2179.19,2098.56,-0.03,-0.01,0.03,2.81,0
1221,14385,-7,-7.47,10.24,2.32,2
2127.15,2067.45,-6,-6.4,8.77,2.32,0
2156.74,2092.86,-5.28,-4.85,7.17,2.4,3
2496.48,2175.37,-5,-2.94,5.8,2.61,4
2151.87,2082.72,-3.89,-2.29,4.51,2.61,0
0,0,-2.83,-1.67,3.28,2.61,1
2164.37,2090.08,-1.8,-1.06,2.08,2.61,0
2169.65,2093.19,-1.07,-0.63,1.25,2.61,0
587,18353,-0.49,-0.29,0.57,2.61,2
2179.08,2098.53,-0.21,-0.07,0.23,2.81,0
2133.91,2068.49,-8.46,-9.03,12.37,2.32,3
2120.44,2060.29,-7.25,-7.73,10.6,2.32,0
2401.18,2130.93,-6.21,-6.63,9.08,2.32,4
0,0,-6.16,-4.58,7.68,2.5,1
2147.15,2079.94,-5.31,-3.13,6.16,2.61,0
0,0,-4.25,-2.5,4.94,2.61,1
2161.78,2088.56,-3.23,-1.9,3.75,2.61,0
2167.97,2092.2,-2.24,-1.32,2.6,2.61,0
2193.52,2115.47,-1.34,-0.79,1.56,2.61,3
2178.57,2098.36,-0.82,-0.28,0.87,2.81,0
0,0,-9.55,-10.19,13.96,2.32,1
2112.37,2051.68,-8.64,-9.22,12.63,2.32,0
2240.19,2216.46,-7.67,-8.19,11.23,2.32,4
2152.68,2088.53,-6.51,-6.95,9.52,2.32,3
2141.4,2076.56,-6.21,-3.65,7.2,2.61,0
0,0,-5.16,-3.04,5.98,2.61,1
2157.94,2086.29,-4.18,-2.46,4.85,2.61,0
2165.05,2090.48,-3.32,-1.95,3.85,2.61,0
764,14834,-2.42,-1.43,2.81,2.61,2
2177.3,2097.69,-1.75,-0.77,1.91,2.73,0
0,0,-9.51,-10.15,13.91,2.32,1
2103.15,2041.83,-9.51,-10.15,13.91,2.32,0
0,0,-8.94,-9.54,13.07,2.32,1
713,18321,-7.76,-8.28,11.35,2.32,2
2135.12,2071.13,-6.29,-6.71,9.19,2.32,0
2267.19,2466.2,-5.67,-3.34,6.59,2.61,4
2152.97,2083.37,-5.33,-3.14,6.19,2.61,0
2161.02,2088.11,-4.66,-2.74,5.41,2.61,0
2298,16136,-3.67,-2.16,4.26,2.61,2
2175.04,2096.36,-2.74,-1.61,3.18,2.61,0
1852,12962,-9.53,-10.18,13.94,2.32,2
2093.63,2031.67,-9.54,-10.19,13.96,2.32,0
0,0,-9.57,-10.21,13.99,2.32,1
1806,13701,-9.24,-9.86,13.51,2.32,2
2128.16,2063.71,-7.55,-8.05,11.04,2.32,0
2497.16,2440.21,-6.49,-5.18,8.3,2.47,4
2147.47,2080.13,-6.22,-3.66,7.22,2.61,0
2156.26,2085.3,-5.29,-3.11,6.14,2.61,0
0,0,-4.46,-2.62,5.17,2.61,1
2171.82,2094.47,-3.67,-2.16,4.25,2.61,0
0,0,-9.52,-10.17,13.93,2.32,1
2084.1,2021.5,-9.56,-10.21,13.99,2.32,0
2433.83,2277.26,-9.48,-10.12,13.87,2.32,4
2511.98,2142.78,-9.54,-10.18,13.95,2.32,4
2119.78,2054.76,-9.05,-9.66,13.24,2.32,0
2151.75,2087.54,-6.92,-7.38,10.12,2.32,3
2141.41,2076.57,-6.28,-3.7,7.29,2.61,0
2150.82,2082.1,-5.45,-3.21,6.33,2.61,0
0,0,-4.82,-2.84,5.59,2.61,1
2167.73,2092.06,-4.16,-2.45,4.82,2.61,0
0,0,-9.54,-10.18,13.95,2.32,1
2074.58,2011.34,-9.51,-10.15,13.91,2.32,0
0,0,-9.56,-10.2,13.98,2.32,1
0,0,-9.51,-10.15,13.91,2.32,1
2110.31,2044.65,-9.53,-10.17,13.94,2.32,0
0,0,-8.25,-8.81,12.07,2.32,1
2134.98,2070.99,-6.56,-7,9.59,2.32,0
2144.63,2078.46,-5.94,-3.5,6.89,2.61,0
2379.05,2513.01,-5.84,-3.44,6.78,2.61,4
2162.89,2089.21,-5.37,-3.16,6.23,2.61,0
0,0,-9.5,-10.14,13.9,2.32,1
2065.06,2001.18,-9.49,-10.13,13.88,2.32,0
2336.8,2019.95,-9.54,-10.18,13.95,2.32,4
2105.95,2043.48,-9.51,-10.15,13.91,2.32,3
2100.77,2034.47,-9.52,-10.17,13.93,2.32,0
0,0,-9.52,-10.16,13.92,2.32,1
2127.72,2063.24,-7.86,-8.39,11.5,2.32,0
2138.3,2074.33,-6.69,-5.32,8.54,2.47,0
2168.16,2100.54,-6.57,-3.87,7.63,2.61,3
2157.57,2086.08,-5.8,-3.41,6.73,2.61,0
1329,14640,-9.64,-10.04,13.92,2.34,2
2055.55,1991.03,-9.52,-10.16,13.92,2.32,0
1479,17784,-9.5,-10.14,13.89,2.32,2
2192.42,2187.31,-9.55,-10.19,13.96,2.32,4
2091.24,2024.29,-9.51,-10.15,13.91,2.32,0
2481.54,2343.56,-9.49,-10.13,13.88,2.32,4
2119.16,2054.1,-9.15,-9.77,13.39,2.32,0
2131.65,2067.43,-7.09,-7.57,10.37,2.32,0
2602.03,2145.93,-6,-3.53,6.96,2.61,4
2151.78,2082.67,-5.62,-3.31,6.52,2.61,0
2057.6,1988.03,-10.01,-9.74,13.97,2.37,3
2046.03,1980.87,-9.51,-10.15,13.9,2.32,0
2346.73,2208.59,-9.55,-10.19,13.97,2.32,4
2499.9,2270.14,-9.54,-10.18,13.96,2.32,4
2081.71,2014.12,-9.55,-10.2,13.97,2.32,0
2182.01,2074.39,-9.51,-10.15,13.9,2.32,4
2109.67,2043.97,-9.51,-10.15,13.91,2.32,0
2123.88,2059.13,-8.36,-8.92,12.22,2.32,0
0,0,-6.13,-6.54,8.96,2.32,1
2145.46,2078.95,-6.46,-3.8,7.5,2.61,0
2284.62,2024.33,-9.96,-9.68,13.89,2.37,4
2036.05,1971.13,-9.99,-9.71,13.93,2.37,0
2211.19,2187.41,-9.52,-10.16,13.92,2.32,4
2432.37,2228.97,-9.49,-10.13,13.89,2.32,4
2072.18,2003.95,-9.51,-10.15,13.9,2.32,0
0,0,-9.52,-10.17,13.93,2.32,1
2100.16,2033.82,-9.48,-10.12,13.87,2.32,0
2114.81,2049.45,-9.51,-10.15,13.91,2.32,0
2547.97,2244.58,-7.3,-7.79,10.68,2.32,4
2139.5,2075.29,-6.57,-4.35,7.88,2.56,0
2037.62,1968.61,-10.01,-9.73,13.96,2.37,3
2026.05,1961.4,-10,-9.72,13.95,2.37,0
2195.24,2077.63,-10.03,-9.75,13.99,2.37,4
2067.84,2002.8,-9.52,-10.16,13.93,2.32,3
2062.67,1993.79,-9.56,-10.21,13.98,2.32,0
1678,14217,-9.54,-10.18,13.95,2.32,2
2090.64,2023.65,-9.53,-10.17,13.93,2.32,0
2105.27,2039.27,-9.53,-10.18,13.94,2.32,0
0,0,-8.74,-9.33,12.79,2.32,1
2133.14,2069.02,-6.74,-7.19,9.86,2.32,0
0,0,-10.03,-9.75,13.99,2.37,1
2016.06,1951.69,-10.01,-9.73,13.96,2.37,0
2049.24,1979.91,-10.02,-9.74,13.97,2.37,3
0,0,-10.01,-9.73,13.96,2.37,1
2053.14,1983.63,-9.48,-10.12,13.87,2.32,0
2087.42,2018.86,-9.52,-10.17,13.93,2.32,3
2081.11,2013.48,-9.57,-10.21,14,2.32,0
2095.75,2029.11,-9.51,-10.15,13.9,2.32,0
2217.56,2374.98,-9.51,-10.15,13.91,2.32,4
2125.73,2061.11,-8,-8.54,11.7,2.32,0
2017.6,1949.15,-9.99,-9.71,13.94,2.37,3
2006.07,1941.99,-9.95,-9.67,13.87,2.37,0
0,0,-10.02,-9.74,13.97,2.37,1
2053.97,2451.27,-9.95,-9.67,13.87,2.37,4
2043.4,1973.67,-9.99,-9.71,13.93,2.37,0
2077.9,2008.7,-9.49,-10.14,13.89,2.32,3
2071.58,2003.31,-9.5,-10.14,13.89,2.32,0
2086.23,2018.95,-9.51,-10.15,13.91,2.32,0
2122.03,2055.81,-9.49,-10.13,13.88,2.32,3
2116.98,2051.78,-9.34,-9.97,13.66,2.32,0
2378.6,2373.43,-10,-9.72,13.95,2.37,4
1996.09,1932.28,-10.03,-9.75,13.99,2.37,0
0,0,-9.99,-9.71,13.94,2.37,1
0,0,-10.02,-9.74,13.98,2.37,1
2033.4,1963.95,-10.02,-9.74,13.97,2.37,0
2068.38,1998.54,-9.49,-10.13,13.88,2.32,3
2062.05,1993.14,-9.5,-10.14,13.9,2.32,0
2076.7,2008.77,-9.51,-10.15,13.91,2.32,0
2297.5,2371.64,-9.51,-10.15,13.91,2.32,4
2107.46,2041.61,-9.55,-10.19,13.96,2.32,0
321,12452,-9.95,-9.67,13.87,2.37,2
1986.09,1922.56,-10.01,-9.73,13.96,2.37,0
2108.26,2072.76,-9.96,-9.69,13.89,2.37,4
2087.97,1983.83,-9.99,-9.71,13.93,2.37,4
2023.41,1954.24,-9.98,-9.7,13.92,2.37,0
0,0,-9.96,-9.68,13.88,2.37,1
2052.52,1982.96,-9.48,-10.12,13.87,2.32,0
2067.17,1998.6,-9.51,-10.16,13.92,2.32,0
0,0,-9.49,-10.13,13.89,2.32,1
2097.93,2031.44,-9.48,-10.12,13.87,2.32,0
2425.63,1994.01,-9.96,-9.68,13.89,2.37,4
1976.11,1912.86,-10.02,-9.74,13.98,2.37,0
2002.26,2110.05,-9.97,-9.69,13.9,2.37,4
2017.96,1954.1,-10.04,-9.76,14,2.37,3
2013.42,1944.53,-10.02,-9.74,13.98,2.37,0
2048.41,1979.1,-9.99,-9.71,13.94,2.37,3
2042.74,1973.03,-10,-9.72,13.95,2.37,0
2057.63,1988.42,-9.51,-10.15,13.9,2.32,0
0,0,-9.55,-10.19,13.96,2.32,1
2088.41,2021.27,-9.56,-10.2,13.98,2.32,0
0,0,-9.97,-9.7,13.91,2.37,1
1966.1,1903.13,-10.04,-9.76,14,2.37,0
0,0,-10.03,-9.75,13.98,2.37,1
0,0,-9.99,-9.71,13.93,2.37,1
2003.43,1934.81,-10.03,-9.75,13.98,2.37,0
2038.41,1969.38,-10.03,-9.75,13.99,2.37,3
2032.75,1963.32,-10,-9.72,13.94,2.37,0
2048.1,1978.24,-9.54,-10.18,13.95,2.32,0
0,0,-9.49,-10.13,13.89,2.32,1
2078.88,2011.1,-9.51,-10.15,13.91,2.32,0
2348.65,2359.59,-9.98,-9.7,13.92,2.37,4
1956.09,1893.4,-9.97,-9.7,13.91,2.37,0
1137,16989,-10,-9.72,13.94,2.37,2
1997.98,1934.68,-9.99,-9.71,13.93,2.37,3
1993.46,1925.12,-9.96,-9.68,13.89,2.37,0
2028.43,1959.68,-10.02,-9.74,13.98,2.37,3
2022.77,1953.62,-9.97,-9.7,13.91,2.37,0
2038.1,1968.52,-9.97,-9.69,13.9,2.37,0
2074.35,2004.92,-9.49,-10.13,13.88,2.32,3
2069.35,2000.93,-9.49,-10.13,13.88,2.32,0
0,0,-9.99,-9.72,13.93,2.37,1
1946.1,1883.69,-10.01,-9.73,13.96,2.37,0
1582,14598,-9.96,-9.68,13.88,2.37,2
2173.99,2257.97,-9.95,-9.67,13.88,2.37,4
1983.46,1915.4,-10.01,-9.73,13.96,2.37,0
2219.42,2230.95,-10.03,-9.75,13.99,2.37,4
2012.77,1943.9,-9.95,-9.67,13.87,2.37,0
2028.1,1958.8,-9.95,-9.67,13.87,2.37,0
705,13889,-9.96,-9.68,13.89,2.37,2
2059.83,1990.76,-9.51,-10.15,13.9,2.32,0
0,0,-9.74,-9.98,13.95,2.34,1
1936.11,1873.98,-9.98,-9.7,13.92,2.37,0
1164,19707,-10.03,-9.75,13.98,2.37,2
0,0,-9.97,-9.69,13.9,2.37,1
1973.45,1905.67,-10.04,-9.76,14,2.37,0
2008.43,1940.24,-9.98,-9.7,13.92,2.37,3
2002.79,1934.19,-9.97,-9.69,13.91,2.37,0
2018.13,1949.1,-9.95,-9.67,13.87,2.37,0
1107,19427,-9.99,-9.71,13.93,2.37,2
2050.3,1980.59,-9.52,-10.16,13.92,2.32,0
0,0,-9.74,-9.98,13.94,2.34,1
1926.35,1864.02,-9.75,-9.99,13.96,2.34,0
1959.28,1892.45,-9.95,-9.67,13.88,2.37,3
1966,11527,-10.02,-9.74,13.98,2.37,2
1963.45,1895.95,-10.04,-9.76,14,2.37,0
1998.45,1930.53,-9.95,-9.67,13.88,2.37,3
1992.79,1924.48,-9.99,-9.71,13.93,2.37,0
2008.14,1939.4,-9.97,-9.69,13.9,2.37,0
0,0,-10.03,-9.75,13.99,2.37,1
2040.41,1970.76,-10.02,-9.74,13.97,2.37,0
0,0,-9.7,-9.94,13.88,2.34,1
1916.62,1854.04,-9.76,-10,13.97,2.34,0
0,0,-9.78,-10.02,14,2.34,1
524,15436,-9.99,-9.71,13.93,2.37,2
1953.47,1886.25,-9.99,-9.71,13.93,2.37,0
2374.45,2110.81,-10.04,-9.76,14,2.37,4
1982.81,1914.77,-9.97,-9.69,13.9,2.37,0
1998.17,1929.7,-9.95,-9.67,13.88,2.37,0
248,11565,-10.01,-9.73,13.96,2.37,2
2030.42,1961.05,-10,-9.72,13.94,2.37,0
887,14690,-9.77,-10.01,13.99,2.34,2
1906.89,1844.07,-9.71,-9.95,13.9,2.34,0
1939.76,1872.54,-9.71,-9.95,13.9,2.34,3
1948.25,1885.96,-9.78,-10.02,14,2.34,3
1943.48,1876.54,-9.98,-9.7,13.92,2.37,0
994,19766,-10.02,-9.74,13.98,2.37,2
1972.82,1905.06,-9.98,-9.71,13.93,2.37,0
1988.17,1919.98,-10.04,-9.76,14,2.37,0
2024.71,1956.06,-10.01,-9.73,13.95,2.37,3
2020.43,1951.34,-9.98,-9.7,13.92,2.37,0
1909.01,1841.02,-9.73,-9.97,13.93,2.34,3
1897.17,1834.11,-9.76,-10.01,13.98,2.34,0
2050.04,2035.57,-9.76,-10,13.98,2.34,4
0,0,-9.7,-9.94,13.88,2.34,1
1933.59,1866.71,-9.74,-9.98,13.94,2.34,0
1968.47,1901.39,-10,-9.72,13.95,2.37,3
1962.84,1895.36,-9.98,-9.7,13.91,2.37,0
1978.18,1910.27,-10.01,-9.73,13.96,2.37,0
800,14416,-9.99,-9.71,13.93,2.37,2
2010.42,1941.61,-10.03,-9.75,13.99,2.37,0
0,0,-9.69,-9.93,13.88,2.34,1
1887.44,1824.14,-9.76,-10,13.98,2.34,0
1966.31,2036.6,-9.69,-9.93,13.88,2.34,4
0,0,-9.72,-9.96,13.92,2.34,1
1923.88,1856.75,-9.7,-9.94,13.89,2.34,0
1958.48,1891.68,-9.96,-9.68,13.89,2.37,3
1952.86,1885.65,-10.03,-9.75,13.99,2.37,0
1968.18,1900.55,-9.96,-9.68,13.89,2.37,0
0,0,-10.01,-9.73,13.96,2.37,1
2000.42,1931.89,-10.03,-9.75,13.98,2.37,0
1777,19318,-9.75,-9.99,13.96,2.34,2
1877.71,1814.17,-9.71,-9.95,13.9,2.34,0
0,0,-9.73,-9.97,13.93,2.34,1
1919.05,1856.04,-9.7,-9.94,13.89,2.34,3
1914.14,1846.78,-9.76,-10,13.98,2.34,0
0,0,-9.77,-10.01,13.99,2.34,1
1942.87,1875.94,-10.01,-9.74,13.97,2.37,0
1958.19,1890.84,-10.01,-9.73,13.96,2.37,0
1994.71,1926.89,-9.99,-9.71,13.93,2.37,3
1990.42,1922.17,-9.97,-9.69,13.91,2.37,0
579,11255,-9.77,-10.02,13.99,2.34,2
1867.97,1804.2,-9.78,-10.02,14,2.34,0
1886,10303,-9.7,-9.94,13.88,2.34,2
1909.31,1846.06,-9.72,-9.96,13.92,2.34,3
1904.41,1836.8,-9.74,-9.98,13.95,2.34,0
2371,2160.76,-9.75,-9.99,13.95,2.34,4
1933,1866.11,-9.69,-9.93,13.87,2.34,0
1948.21,1881.14,-9.97,-9.69,13.91,2.37,0
2036.71,2191.18,-9.99,-9.71,13.93,2.37,4
1980.43,1912.46,-9.99,-9.71,13.93,2.37,0
0,0,-9.76,-10,13.98,2.34,1
1858.25,1794.23,-9.77,-10.01,13.98,2.34,0
1937.12,2198.7,-9.7,-9.94,13.9,2.34,4
0,0,-9.69,-9.93,13.88,2.34,1
1894.65,1826.81,-9.77,-10.01,13.98,2.34,0
1929.28,1861.79,-9.72,-9.96,13.92,2.34,3
1923.26,1856.12,-9.76,-10,13.98,2.34,0
1938.23,1871.43,-10,-9.72,13.94,2.37,0
2238.73,2146.48,-9.99,-9.71,13.93,2.37,4
1970.45,1902.75,-9.98,-9.7,13.92,2.37,0
0,0,-9.74,-9.98,13.95,2.34,1
1848.52,1784.26,-9.71,-9.95,13.9,2.34,0
0,0,-9.69,-9.93,13.87,2.34,1
0,0,-9.74,-9.98,13.95,2.34,1
1884.91,1816.82,-9.76,-10.01,13.98,2.34,0
2193,15381,-9.71,-9.95,13.91,2.34,2
1913.53,1846.15,-9.77,-10.01,13.99,2.34,0
1928.48,1861.47,-9.78,-10.02,14,2.34,0
0,0,-9.99,-9.71,13.93,2.37,1
1960.43,1893.02,-9.97,-9.69,13.9,2.37,0
1850.35,1781.39,-10.12,-9.61,13.95,2.38,3
1838.79,1774.29,-9.72,-9.96,13.91,2.34,0
2149,11783,-9.71,-9.95,13.91,2.34,2
2255.11,2286.14,-9.69,-9.93,13.87,2.34,4
1875.18,1806.85,-9.7,-9.94,13.89,2.34,0
2019.81,2179.85,-9.7,-9.94,13.89,2.34,4
1903.79,1836.17,-9.72,-9.96,13.92,2.34,0
1918.75,1851.5,-9.76,-10,13.97,2.34,0
0,0,-9.73,-9.97,13.93,2.34,1
1950.45,1883.31,-10.01,-9.73,13.96,2.37,0
1840.25,1771.79,-10.08,-9.58,13.91,2.38,3
1828.87,1764.53,-10.08,-9.57,13.9,2.38,0
1908,11579,-9.69,-9.93,13.87,2.34,2
1870.38,1806.17,-9.77,-10.01,13.98,2.34,3
1865.44,1796.87,-9.73,-9.97,13.93,2.34,0
1900.08,1831.87,-9.76,-10,13.97,2.34,3
1894.05,1826.19,-9.77,-10.01,13.98,2.34,0
1909.02,1841.53,-9.72,-9.96,13.92,2.34,0
2059.1,2313,-9.74,-9.98,13.94,2.34,4
1940.46,1873.6,-9.95,-9.67,13.88,2.37,0
2195,18842,-10.07,-9.57,13.89,2.38,2
1818.77,1754.94,-10.06,-9.55,13.87,2.38,0
1852.03,1782.98,-10.08,-9.57,13.9,2.38,3
0,0,-9.72,-9.96,13.91,2.34,1
1855.71,1786.9,-9.71,-9.95,13.9,2.34,0
1890.34,1821.9,-9.78,-10.02,14,2.34,3
1884.33,1816.23,-9.76,-10.01,13.98,2.34,0
1899.29,1831.56,-9.74,-9.98,13.95,2.34,0
2367.36,2311.03,-9.77,-10.02,14,2.34,4
1930.66,1863.71,-9.72,-9.96,13.91,2.34,0
2259.16,1996.44,-9.95,-9.75,13.93,2.37,4
1808.66,1745.34,-10.14,-9.63,13.99,2.38,0
1841.92,1773.38,-10.13,-9.62,13.97,2.38,3
1392,18689,-10.07,-9.57,13.89,2.38,2
1845.98,1776.94,-9.71,-9.95,13.91,2.34,0
1880.62,1811.93,-9.71,-9.95,13.9,2.34,3
1874.59,1806.25,-9.75,-9.99,13.96,2.34,0
1889.55,1821.58,-9.71,-9.96,13.91,2.34,0
0,0,-9.73,-9.97,13.93,2.34,1
1920.92,1853.72,-9.69,-9.93,13.87,2.34,0
2210.2,1876.68,-9.91,-9.71,13.87,2.37,4
1798.69,1735.62,-9.97,-9.77,13.96,2.37,0
2447,15969,-10.08,-9.57,13.9,2.38,2
0,0,-10.1,-9.59,13.93,2.38,1
1836.23,1766.97,-9.78,-9.86,13.89,2.35,0
2326.89,2266.96,-9.7,-9.94,13.88,2.34,4
1864.86,1796.28,-9.75,-9.99,13.96,2.34,0
1879.81,1811.6,-9.71,-9.95,13.9,2.34,0
2063.9,1888.09,-9.7,-9.94,13.89,2.34,4
1911.2,1843.77,-9.69,-9.93,13.87,2.34,0
0,0,-9.92,-9.73,13.89,2.37,1
1788.73,1725.86,-9.96,-9.76,13.94,2.37,0
2171.81,2007.06,-9.98,-9.78,13.97,2.37,4
2161,10644,-10.12,-9.61,13.95,2.38,2
1826.12,1757.37,-10.12,-9.62,13.96,2.38,0
0,0,-9.72,-9.96,13.92,2.34,1
1855.12,1786.3,-9.74,-9.99,13.95,2.34,0
1870.07,1801.62,-9.73,-9.97,13.94,2.34,0
2435,15440,-9.73,-9.97,13.93,2.34,2
1901.48,1833.8,-9.7,-9.94,13.89,2.34,0
0,0,-9.92,-9.73,13.89,2.37,1
1778.77,1716.1,-9.98,-9.79,13.98,2.37,0
2084.84,1982.29,-9.94,-9.74,13.91,2.37,4
0,0,-9.93,-9.73,13.9,2.37,1
1816.02,1747.78,-10.07,-9.56,13.89,2.38,0
2203.22,2149.21,-10.11,-9.6,13.94,2.38,4
1845.39,1776.32,-9.78,-10.02,14,2.34,0
1860.35,1791.65,-9.73,-9.97,13.93,2.34,0
1896.43,1828.14,-9.69,-9.93,13.88,2.34,3
1891.75,1823.83,-9.74,-9.98,13.94,2.34,0
1780.36,1713.44,-9.94,-9.74,13.92,2.37,3
1768.82,1706.35,-9.98,-9.78,13.98,2.37,0
1801.9,1734.54,-9.91,-9.71,13.88,2.37,3
0,0,-9.99,-9.79,13.98,2.37,1
1805.98,1738.14,-9.92,-9.73,13.9,2.37,0
1196,15762,-10.14,-9.63,13.98,2.38,2
1835.61,1766.38,-9.92,-9.74,13.9,2.37,0
1850.61,1781.68,-9.72,-9.96,13.92,2.34,0
791,14931,-9.74,-9.98,13.95,2.34,2
1882.01,1813.86,-9.75,-9.99,13.96,2.34,0
2090.41,1844.69,-9.91,-9.71,13.88,2.37,4
1758.86,1696.59,-9.97,-9.77,13.95,2.37,0
0,0,-9.95,-9.75,13.92,2.37,1
0,0,-9.96,-9.77,13.95,2.37,1
1796.03,1728.4,-9.93,-9.73,13.9,2.37,0
0,0,-10.07,-9.56,13.89,2.38,1
1825.5,1756.78,-10.08,-9.57,13.9,2.38,0
1840.88,1771.7,-9.77,-10.01,13.99,2.34,0
1116,12802,-9.76,-10.01,13.98,2.34,2
1872.28,1803.88,-9.76,-10.01,13.98,2.34,0
1774.47,2147.94,-9.93,-9.74,13.91,2.37,4
1748.92,1686.85,-9.92,-9.73,13.89,2.37,0
2243.98,1932.03,-9.96,-9.76,13.94,2.37,4
1818.74,2036.23,-9.91,-9.71,13.88,2.37,4
1786.08,1718.64,-9.95,-9.75,13.94,2.37,0
1914.03,2163.29,-9.95,-9.75,13.93,2.37,4
1815.39,1747.18,-10.1,-9.59,13.93,2.38,0
1830.93,1761.94,-10.12,-9.61,13.95,2.38,0
2222.23,1873.21,-9.76,-10,13.98,2.34,4
1862.54,1793.9,-9.73,-9.97,13.93,2.34,0
1750.51,1684.18,-9.97,-9.77,13.96,2.37,3
1738.99,1677.12,-9.92,-9.72,13.89,2.37,0
2185,14434,-9.92,-9.73,13.9,2.37,2
2207.79,1856.48,-9.96,-9.76,13.94,2.37,4
1776.12,1708.88,-9.92,-9.72,13.89,2.37,0
1811.06,1743.52,-9.91,-9.71,13.88,2.37,3
1805.35,1737.53,-9.93,-9.73,13.9,2.37,0
1820.84,1752.36,-10.1,-9.6,13.94,2.38,0
1176,12056,-9.72,-9.96,13.91,2.34,2
1852.81,1783.93,-9.69,-9.93,13.87,2.34,0
0,0,-9.99,-9.79,13.98,2.37,1
1729.04,1667.37,-9.93,-9.73,13.91,2.37,0
1762.08,1695.52,-9.92,-9.72,13.89,2.37,3
0,0,-9.92,-9.72,13.88,2.37,1
1766.17,1699.13,-9.92,-9.72,13.89,2.37,0
1736,19379,-9.98,-9.78,13.97,2.37,2
1795.4,1727.77,-9.97,-9.77,13.96,2.37,0
1810.74,1742.76,-10.11,-9.6,13.94,2.38,0
2136.43,2035.61,-10.15,-9.64,13.99,2.38,4
1843.07,1773.95,-9.74,-9.99,13.95,2.34,0
1730.59,1664.66,-9.97,-9.77,13.96,2.37,3
1719.09,1657.62,-9.93,-9.74,13.91,2.37,0
1756.12,1771.76,-9.93,-9.73,13.91,2.37,4
1069,13828,-9.99,-9.79,13.99,2.37,2
1756.21,1689.37,-9.91,-9.72,13.88,2.37,0
1016,19006,-9.94,-9.74,13.91,2.37,2
1785.45,1718.02,-9.95,-9.75,13.94,2.37,0
1800.76,1733.02,-9.92,-9.72,13.89,2.37,0
1245,17319,-10.08,-9.57,13.9,2.38,2
1833.21,1764.1,-10.11,-9.6,13.94,2.38,0
1720.63,1654.9,-9.94,-9.74,13.92,2.37,3
1709.14,1647.86,-9.91,-9.72,13.88,2.37,0
1733.17,2073,-9.92,-9.72,13.89,2.37,4
1467,13066,-9.93,-9.73,13.9,2.37,2
1746.27,1679.62,-9.97,-9.77,13.96,2.37,0
1781.19,1714.25,-9.92,-9.72,13.89,2.37,3
1775.49,1708.26,-9.96,-9.76,13.94,2.37,0
1790.8,1723.27,-10,-9.8,14,2.37,0
1827.24,1759.37,-9.94,-9.74,13.92,2.37,3
1823.09,1754.49,-10.1,-9.59,13.93,2.38,0
1079,11619,-9.93,-9.73,13.9,2.37,2
1699.2,1638.12,-9.93,-9.73,13.9,2.37,0
1732.21,1666.25,-9.95,-9.75,13.94,2.37,3
1741,1679.48,-9.95,-9.75,13.93,2.37,3
1736.32,1669.87,-9.94,-9.74,13.92,2.37,0
1771.25,1704.51,-9.93,-9.73,13.9,2.37,3
1765.54,1698.51,-9.98,-9.78,13.97,2.37,0
1780.84,1713.51,-9.93,-9.73,13.9,2.37,0
0,0,-9.99,-9.79,13.99,2.37,1
1813,1744.91,-10.12,-9.61,13.95,2.38,0
0,0,-9.98,-9.79,13.98,2.37,1
1689.24,1628.36,-9.91,-9.71,13.87,2.37,0
0,0,-9.93,-9.73,13.91,2.37,1
608,17923,-9.96,-9.76,13.94,2.37,2
1726.36,1660.12,-9.97,-9.77,13.96,2.37,0
631,15159,-9.96,-9.76,13.94,2.37,2
1755.58,1688.75,-9.95,-9.75,13.93,2.37,0
1770.89,1703.76,-9.93,-9.74,13.91,2.37,0
227,19554,-9.91,-9.72,13.88,2.37,2
1802.99,1735.22,-9.96,-9.76,13.95,2.37,0
0,0,-9.91,-9.71,13.87,2.37,1
1679.29,1618.61,-9.92,-9.73,13.9,2.37,0
1712.3,1646.73,-9.97,-9.77,13.96,2.37,3
0,0,-9.97,-9.77,13.97,2.37,1
1716.41,1650.36,-9.95,-9.75,13.93,2.37,0
1797.35,1847,-9.92,-9.72,13.89,2.37,4
1745.63,1679,-9.93,-9.73,13.91,2.37,0
1760.95,1694.01,-9.93,-9.73,13.9,2.37,0
1797.38,1730.12,-9.94,-9.74,13.92,2.37,3
1793.05,1725.47,-9.98,-9.78,13.97,2.37,0
1926.8,2006.86,-9.95,-9.75,13.93,2.37,4
1669.35,1608.86,-9.98,-9.78,13.98,2.37,0
1984.34,1815.97,-9.93,-9.73,13.91,2.37,4
0,0,-9.98,-9.78,13.98,2.37,1
1706.47,1640.62,-9.92,-9.72,13.89,2.37,0
231,14708,-9.93,-9.73,13.91,2.37,2
1735.69,1669.25,-9.93,-9.73,13.91,2.37,0
1751.01,1684.27,-9.91,-9.71,13.87,2.37,0
0,0,-9.91,-9.72,13.88,2.37,1
1783.11,1715.73,-9.91,-9.71,13.88,2.37,0
1115,16127,-9.99,-9.79,13.98,2.37,2
1659.4,1599.11,-9.94,-9.74,13.92,2.37,0
1049,17461,-9.94,-9.74,13.91,2.37,2
1834,12418,-9.96,-9.76,13.94,2.37,2
1696.52,1630.87,-9.99,-9.79,13.99,2.37,0
0,0,-9.94,-9.74,13.92,2.37,1
1725.73,1659.49,-9.92,-9.72,13.88,2.37,0
1741.04,1674.51,-9.99,-9.79,13.99,2.37,0
2119.48,1707.61,-9.99,-9.79,13.99,2.37,4
1773.15,1705.97,-9.99,-9.79,13.99,2.37,0
2273,10065,-9.92,-9.72,13.89,2.37,2
1649.43,1589.34,-9.99,-9.79,13.98,2.37,0
0,0,-9.95,-9.75,13.93,2.37,1
1691.26,1630.74,-9.93,-9.73,13.9,2.37,3
1686.56,1621.11,-9.99,-9.79,13.98,2.37,0
998,18389,-9.98,-9.78,13.97,2.37,2
1715.77,1649.73,-9.99,-9.79,13.98,2.37,0
1731.1,1664.76,-9.94,-9.75,13.92,2.37,0
0,0,-9.91,-9.71,13.87,2.37,1
1763.19,1696.21,-9.99,-9.79,13.99,2.37,0
1880.94,1577.6,-9.97,-9.78,13.97,2.37,4
1639.49,1579.61,-9.93,-9.73,13.9,2.37,0
1672.48,1607.71,-9.95,-9.76,13.94,2.37,3
1970.32,1771,-9.99,-9.79,13.99,2.37,4
1676.61,1611.36,-9.99,-9.79,13.99,2.37,0
1835.55,1690,-9.95,-9.76,13.94,2.37,4
1705.81,1639.97,-9.95,-9.75,13.94,2.37,0
1721.15,1655.01,-9.97,-9.77,13.95,2.37,0
0,0,-9.96,-9.76,13.94,2.37,1
1753.24,1686.46,-9.94,-9.74,13.91,2.37,0
2002.99,1640.85,-9.91,-9.71,13.87,2.37,4
1629.53,1569.84,-9.98,-9.78,13.97,2.37,0
1071,10647,-9.96,-9.76,13.94,2.37,2
0,0,-9.96,-9.76,13.94,2.37,1
1666.64,1601.58,-9.98,-9.78,13.98,2.37,0
0,0,-9.97,-9.77,13.95,2.37,1
1695.86,1630.22,-9.94,-9.74,13.92,2.37,0
1711.2,1645.26,-9.94,-9.74,13.91,2.37,0
2047.66,1949.39,-9.91,-9.72,13.88,2.37,4
1743.3,1676.72,-9.97,-9.77,13.95,2.37,0
573,10689,-9.8,-9.9,13.93,2.35,2
1619.56,1560.08,-9.94,-9.74,13.91,2.37,0
1652.54,1588.17,-9.91,-9.71,13.87,2.37,3
1971,14352,-9.94,-9.74,13.92,2.37,2
1656.68,1591.83,-10,-9.8,14,2.37,0
1691.63,1626.48,-9.97,-9.77,13.96,2.37,3
1685.9,1620.47,-10,-9.8,14,2.37,0
1701.24,1635.5,-9.99,-9.79,13.98,2.37,0
0,0,-9.92,-9.72,13.89,2.37,1
1733.33,1666.95,-9.99,-9.79,13.98,2.37,0
1756.38,1643.17,-9.77,-9.86,13.88,2.35,4
1609.76,1550.32,-9.84,-9.93,13.97,2.35,0
2420,13133,-9.93,-9.73,13.9,2.37,2
1651.48,1591.75,-9.98,-9.78,13.97,2.37,3
1646.72,1582.06,-9.97,-9.77,13.96,2.37,0
1871.67,1957.72,-10,-9.8,14,2.37,4
1675.95,1610.71,-9.96,-9.76,13.95,2.37,0
1691.29,1625.75,-9.95,-9.76,13.94,2.37,0
1862.75,1697.88,-9.99,-9.79,13.98,2.37,4
1723.39,1657.2,-9.97,-9.77,13.96,2.37,0
1611.56,1547.26,-9.81,-9.9,13.94,2.35,3
1599.96,1540.42,-9.82,-9.92,13.96,2.35,0
1632.8,1568.69,-9.8,-9.9,13.93,2.35,3
1641.54,1582.02,-9.93,-9.73,13.9,2.37,3
1636.78,1572.32,-9.95,-9.75,13.93,2.37,0
0,0,-9.99,-9.79,13.99,2.37,1
1666,1600.96,-9.93,-9.73,13.9,2.37,0
1681.34,1615.99,-9.98,-9.78,13.97,2.37,0
0,0,-9.97,-9.77,13.96,2.37,1
1713.43,1647.45,-9.94,-9.74,13.92,2.37,0
681,17606,-9.8,-9.89,13.92,2.35,2
1590.16,1530.53,-9.8,-9.89,13.92,2.35,0
0,0,-9.84,-9.93,13.98,2.35,1
1631.71,1572.29,-9.78,-9.87,13.9,2.35,3
1626.82,1562.57,-9.91,-9.72,13.88,2.37,0
2104,13450,-9.91,-9.71,13.87,2.37,2
1656.04,1591.2,-9.95,-9.75,13.94,2.37,0
1671.38,1606.24,-9.98,-9.78,13.97,2.37,0
635,13715,-9.93,-9.73,13.9,2.37,2
1703.49,1637.7,-9.94,-9.75,13.92,2.37,0
1799.92,1670.43,-9.85,-9.94,13.99,2.35,4
1580.36,1520.65,-9.83,-9.92,13.97,2.35,0
958,10777,-9.81,-9.91,13.94,2.35,2
2442,19042,-9.78,-9.87,13.9,2.35,2
1616.96,1552.89,-9.95,-9.79,13.96,2.36,0
1800.82,1578.46,-9.98,-9.78,13.97,2.37,4
1646.08,1581.44,-9.93,-9.73,13.91,2.37,0
1661.43,1596.48,-9.92,-9.72,13.89,2.37,0
0,0,-9.99,-9.79,13.98,2.37,1
1693.54,1627.95,-9.91,-9.71,13.88,2.37,0
1574.1,1911.51,-9.77,-9.87,13.89,2.35,4
1570.57,1510.76,-9.79,-9.88,13.9,2.35,0
0,0,-9.79,-9.89,13.92,2.35,1
0,0,-9.85,-9.94,13.99,2.35,1
1607.13,1542.97,-9.83,-9.93,13.97,2.35,0
1885.87,1754.72,-9.91,-9.71,13.87,2.37,4
1636.14,1571.7,-9.92,-9.72,13.89,2.37,0
1651.49,1586.74,-9.98,-9.78,13.98,2.37,0
1698.94,1760.87,-9.95,-9.75,13.93,2.37,4
1683.6,1618.21,-9.96,-9.76,13.94,2.37,0
1571.66,1508.25,-10.5,-9.08,13.88,2.43,3
1560.78,1500.87,-9.81,-9.91,13.94,2.35,0
0,0,-9.79,-9.88,13.91,2.35,1
1602.32,1542.62,-9.8,-9.9,13.93,2.35,3
1597.31,1533.05,-9.78,-9.87,13.89,2.35,0
1349,18233,-9.83,-9.92,13.96,2.35,2
1626.19,1561.95,-9.99,-9.79,13.98,2.37,0
1641.54,1576.99,-9.96,-9.76,13.95,2.37,0
1543,11991,-9.91,-9.72,13.88,2.37,2
1673.63,1608.44,-9.91,-9.72,13.88,2.37,0
0,0,-10.52,-9.1,13.9,2.43,1
1550.44,1491.54,-10.53,-9.11,13.92,2.43,0
2056.72,1879.15,-9.76,-9.86,13.87,2.35,4
663,17985,-9.77,-9.87,13.89,2.35,2
1587.49,1523.14,-9.83,-9.92,13.97,2.35,0
1619.98,1560.45,-9.76,-9.86,13.87,2.35,3
1614.01,1554.61,-13.74,2.27,13.93,-2.98,0
1631.57,1567.22,-9.91,-9.71,13.88,2.37,0
1668.05,1603.37,-9.92,-9.72,13.89,2.37,3
1663.68,1598.69,-9.94,-9.74,13.91,2.37,0
0,0,-10.49,-9.08,13.88,2.43,1
1539.91,1482.44,-10.54,-9.12,13.94,2.43,0
869,16295,-10.53,-9.11,13.92,2.43,2
1798.73,1947.85,-9.81,-9.9,13.94,2.35,4
1577.66,1513.23,-9.79,-9.88,13.91,2.35,0
1998,13949,-9.8,-9.89,13.92,2.35,2
1604.21,1544.72,-9.8,-9.89,13.92,2.35,0
1621.63,1557.48,-9.93,-9.73,13.9,2.37,0
0,0,-9.93,-9.73,13.9,2.37,1
1653.73,1588.94,-9.91,-9.71,13.88,2.37,0
2294,19633,-10.56,-9.13,13.96,2.43,2
1529.41,1473.35,-10.52,-9.1,13.91,2.43,0
1849.85,1958.62,-10.55,-9.12,13.95,2.43,4
2329,10436,-10.58,-9.15,13.99,2.43,2
1567.86,1503.33,-9.77,-9.86,13.89,2.35,0
2357,18795,-9.82,-9.91,13.96,2.35,2
1594.42,1534.83,-9.79,-9.88,13.91,2.35,0
1611.84,1547.73,-9.82,-9.92,13.96,2.35,0
1648.14,1583.86,-9.98,-9.78,13.98,2.37,3
1643.77,1579.18,-9.96,-9.76,13.95,2.37,0
1788.46,1925.75,-10.54,-9.12,13.94,2.43,4
1518.89,1464.25,-10.53,-9.11,13.93,2.43,0
1552.3,1491.5,-10.57,-9.14,13.97,2.43,3
1087,12392,-10.54,-9.12,13.94,2.43,2
1557.86,1493.61,-10.49,-9.08,13.88,2.43,0
1590.62,1530.81,-9.77,-9.87,13.89,2.35,3
1584.63,1524.95,-9.85,-9.95,14,2.35,0
1602.03,1537.82,-9.84,-9.93,13.98,2.35,0
0,0,-9.97,-9.77,13.96,2.37,1
1633.82,1569.42,-9.95,-9.75,13.92,2.37,0
1711.46,1739.22,-11.37,-8.01,13.91,2.53,4
1508.37,1455.16,-10.5,-9.08,13.88,2.43,0
0,0,-10.51,-9.09,13.9,2.43,1
1551.49,1495.15,-10.53,-9.11,13.92,2.43,3
1547.29,1484.47,-10.52,-9.1,13.9,2.43,0
2054.84,1951.94,-9.83,-9.92,13.96,2.35,4
1574.83,1515.06,-9.79,-9.89,13.92,2.35,0
1592.22,1527.92,-9.82,-9.92,13.96,2.35,0
2476,16391,-9.77,-9.86,13.88,2.35,2
1623.87,1559.67,-9.98,-9.78,13.97,2.37,0
0,0,-11.37,-8.01,13.91,2.53,1
1497.46,1446.53,-11.45,-8.06,14,2.53,0
1531.2,1473.25,-10.53,-9.11,13.92,2.43,3
0,0,-10.56,-9.13,13.96,2.43,1
1536.75,1475.34,-10.59,-9.16,14,2.43,0
1922.52,1937.62,-10.51,-9.09,13.9,2.43,4
1567.23,1502.7,-9.83,-9.92,13.97,2.35,0
1582.41,1518.02,-9.78,-9.87,13.89,2.35,0
470,15811,-9.78,-9.87,13.9,2.35,2
1614.04,1549.95,-9.78,-9.87,13.89,2.35,0
0,0,-11.43,-8.06,13.99,2.53,1
1486.08,1438.52,-11.35,-7.99,13.88,2.53,0
2079,11255,-11.42,-8.05,13.97,2.53,2
1651,15932,-10.53,-9.1,13.92,2.43,2
1526.2,1466.22,-10.57,-9.14,13.98,2.43,0
2021.98,1800.5,-10.58,-9.15,13.98,2.43,4
1557.19,1493.03,-10.5,-9.08,13.89,2.43,0
1572.58,1508.1,-9.79,-9.89,13.92,2.35,0
1767.77,1828.44,-9.77,-9.86,13.88,2.35,4
1604.22,1540.04,-9.81,-9.9,13.94,2.35,0
1706.25,1713.11,-11.34,-7.99,13.87,2.53,4
1474.7,1430.5,-11.38,-8.01,13.91,2.53,0
0,0,-11.37,-8.01,13.9,2.53,1
656,15059,-11.42,-8.04,13.96,2.53,2
1515.63,1457.08,-10.57,-9.14,13.97,2.43,0
1799.47,1578.41,-10.55,-9.12,13.95,2.43,4
1546.64,1483.9,-10.49,-9.08,13.87,2.43,0
1562.75,1498.18,-9.84,-9.93,13.98,2.35,0
1598.95,1534.53,-9.82,-9.91,13.95,2.35,3
1594.4,1530.12,-9.83,-9.92,13.96,2.35,0
1472.85,1431.08,-11.41,-8.04,13.96,2.53,3
1463.33,1422.49,-11.34,-7.99,13.87,2.53,0
0,0,-11.41,-8.04,13.96,2.53,1
312,14986,-11.43,-8.05,13.98,2.53,2
1505.08,1447.95,-10.51,-9.09,13.9,2.43,0
1925.02,1604.74,-10.5,-9.08,13.88,2.43,4
1536.09,1474.77,-10.53,-9.11,13.93,2.43,0
1552.37,1488.86,-10.51,-9.09,13.89,2.43,0
1589.12,1524.6,-9.77,-9.86,13.89,2.35,3
1584.57,1520.2,-9.85,-9.94,13.99,2.35,0
0,0,-12.61,-5.95,13.95,2.7,1
1451.95,1414.48,-11.39,-8.02,13.93,2.53,0
1486.1,1440.41,-11.41,-8.04,13.96,2.53,3
1496.95,1452.09,-11.35,-7.99,13.88,2.53,3
1493.72,1439.88,-11.39,-8.03,13.94,2.53,0
1633.46,1556.61,-10.57,-9.14,13.98,2.43,4
1525.51,1465.63,-10.53,-9.11,13.92,2.43,0
1541.82,1479.73,-10.5,-9.08,13.88,2.43,0
1531,19864,-10.29,-9.41,13.94,2.4,2
1574.76,1510.29,-9.85,-9.95,14,2.35,0
0,0,-12.56,-5.92,13.88,2.7,1
1439.89,1407.63,-12.65,-5.96,13.98,2.7,0
1028,10277,-11.37,-8.01,13.91,2.53,2
0,0,-11.37,-8.01,13.91,2.53,1
1482.32,1431.84,-11.35,-8,13.88,2.53,0
2380,17019,-11.35,-8,13.88,2.53,2
1514.96,1456.5,-10.56,-9.13,13.96,2.43,0
1531.26,1470.6,-10.55,-9.13,13.95,2.43,0
1971.67,1695.66,-10.57,-9.14,13.97,2.43,4
1564.94,1500.38,-9.78,-9.88,13.9,2.35,0
1480.42,1522.45,-12.63,-5.96,13.97,2.7,4
1427.32,1401.7,-12.62,-5.95,13.95,2.7,0
1462.76,1425.33,-12.64,-5.96,13.97,2.7,3
1952,17017,-11.37,-8.01,13.9,2.53,2
1470.91,1423.81,-11.43,-8.06,13.99,2.53,0
1790.13,1792.94,-11.4,-8.03,13.94,2.53,4
1504.38,1447.39,-10.71,-9.01,13.99,2.44,0
1520.7,1461.47,-10.51,-9.09,13.9,2.43,0
1558.14,1496.55,-10.51,-9.09,13.9,2.43,3
1554.73,1490.9,-10.58,-9.15,13.98,2.43,0
1721.79,1523.49,-12.56,-5.92,13.89,2.7,4
1414.73,1395.77,-12.63,-5.95,13.96,2.7,0
0,0,-12.62,-5.95,13.95,2.7,1
220,17570,-12.6,-5.94,13.93,2.7,2
1459.51,1415.77,-11.4,-8.04,13.95,2.53,0
1496.73,1447.91,-11.42,-8.05,13.97,2.53,3
1492.97,1439.35,-11.41,-8.04,13.96,2.53,0
1510.16,1452.35,-10.52,-9.1,13.91,2.43,0
2400,13293,-10.5,-9.08,13.88,2.43,2
1544.19,1481.78,-10.56,-9.14,13.97,2.43,0
1409.53,1402.14,-13.21,-4.26,13.88,2.83,3
1402.16,1389.84,-12.56,-5.92,13.89,2.7,0
1563.45,1738.4,-12.61,-5.94,13.94,2.7,4
1866.78,1724.86,-12.64,-5.96,13.97,2.7,4
1448.04,1407.82,-11.76,-7.52,13.96,2.57,0
1634.33,1831.88,-11.39,-8.03,13.94,2.53,4
1481.56,1431.31,-11.4,-8.04,13.95,2.53,0
1499.19,1443.74,-11.37,-8.01,13.91,2.53,0
1537.02,1478.28,-10.52,-9.1,13.91,2.43,3
1533.62,1472.64,-10.57,-9.14,13.97,2.43,0
